,districtcode,schoolyear,districtname,8th_math_percentmet,attendance,teacher_min_effective_percentage,Estimate Median household income in the past 12 months (in 2018 inflation-adjusted dollars),fundbalanceas%ofexpenditure,"Estimate Total Living in household with Supplemental Security Income (SSI), cash public assistance income, or Food Stamps/SNAP in the past 12 months"
0,11010,2015-2016,Benton Harbor Area Schools,5.0,82.44,40.54,31817,-45.53,4733
1,11010,2016-2017,Benton Harbor Area Schools,2.5,88.95,9.52,31817,-21.41,4733
2,11010,2017-2018,Benton Harbor Area Schools,2.5,82.87,5.49,31817,-17.31,4733
3,11010,2018-2019,Benton Harbor Area Schools,2.5,84.71,9.64,31817,-15.36,4733
4,11010,2020-2021,Benton Harbor Area Schools,2.5,77.02,3.19,31817,14.8,4733
5,11020,2015-2016,St. Joseph Public Schools,50.0,96.45,0.0,76369,10.09,281
6,11020,2016-2017,St. Joseph Public Schools,52.8,96.42,0.62,76369,13.82,281
7,11020,2017-2018,St. Joseph Public Schools,57.0,95.99,0.61,76369,14.87,281
8,11020,2018-2019,St. Joseph Public Schools,73.7,95.85,0.6,76369,16.48,281
9,11020,2020-2021,St. Joseph Public Schools,56.2,93.74,0.0,76369,22.09,281
10,11033,2015-2016,River Valley School District,16.3,95.18,4.26,61370,34.25,120
11,11033,2016-2017,River Valley School District,11.1,94.89,2.08,61370,41.26,120
12,11033,2017-2018,River Valley School District,16.3,94.48,1.96,61370,39.93,120
13,11033,2018-2019,River Valley School District,38.5,94.74,0.0,61370,31.68,120
14,11033,2020-2021,River Valley School District,17.1,90.31,2.0,61370,37.29,120
15,11210,2015-2016,Brandywine Community Schools,32.1,93.92,0.0,60549,31.46,288
16,11210,2016-2017,Brandywine Community Schools,14.9,94.26,1.96,60549,33.63,288
17,11210,2017-2018,Brandywine Community Schools,24.2,93.54,2.88,60549,20.92,288
18,11210,2018-2019,Brandywine Community Schools,44.6,93.63,3.96,60549,23.62,288
19,11210,2020-2021,Brandywine Community Schools,27.3,89.56,0.0,60549,29.48,288
20,11240,2015-2016,Berrien Springs Public Schools,44.0,96.66,0.0,55208,38.45,639
21,11240,2016-2017,Berrien Springs Public Schools,27.4,97.06,1.21,55208,36.61,639
22,11240,2017-2018,Berrien Springs Public Schools,29.6,90.85,0.96,55208,26.23,639
23,11240,2018-2019,Berrien Springs Public Schools,32.9,92.48,1.58,55208,34.5,639
24,11240,2020-2021,Berrien Springs Public Schools,24.3,96.02,0.0,55208,43.87,639
25,11250,2015-2016,Eau Claire Public Schools,5.0,94.73,0.0,52600,22.99,388
26,11250,2016-2017,Eau Claire Public Schools,5.0,94.27,0.0,52600,14.27,388
27,11250,2017-2018,Eau Claire Public Schools,5.0,91.16,8.97,52600,1.86,388
28,11250,2018-2019,Eau Claire Public Schools,12.1,92.90,0.0,52600,2.73,388
29,11250,2020-2021,Eau Claire Public Schools,15.7,90.11,0.0,52600,14.41,388
30,11320,2015-2016,Watervliet School District,29.1,93.69,0.0,48158,15.87,487
31,11320,2016-2017,Watervliet School District,29.7,93.40,1.08,48158,15.08,487
32,11320,2017-2018,Watervliet School District,23.0,90.31,0.0,48158,14.81,487
33,11320,2018-2019,Watervliet School District,33.3,90.37,0.81,48158,19.61,487
34,11320,2020-2021,Watervliet School District,41.0,97.41,2.2,48158,22.33,487
35,11340,2015-2016,Bridgman Public Schools,61.1,96.27,0.0,71411,16.19,384
36,11340,2016-2017,Bridgman Public Schools,53.3,96.13,1.41,71411,16.77,384
37,11340,2017-2018,Bridgman Public Schools,51.9,95.95,0.0,71411,16.86,384
38,11340,2018-2019,Bridgman Public Schools,61.1,96.22,0.0,71411,19.44,384
39,11340,2020-2021,Bridgman Public Schools,55.3,93.63,0.0,71411,25.12,384
40,12010,2015-2016,Coldwater Community Schools,27.5,95.02,1.8,50902,20.77,914
41,12010,2016-2017,Coldwater Community Schools,28.6,95.20,0.0,50902,24.9,914
42,12010,2017-2018,Coldwater Community Schools,25.8,94.35,0.61,50902,23.34,914
43,12010,2018-2019,Coldwater Community Schools,44.6,93.85,0.0,50902,24.43,914
44,12010,2020-2021,Coldwater Community Schools,24.2,95.15,0.0,50902,26.21,914
45,13020,2015-2016,Battle Creek Public Schools,2.5,92.77,5.92,36640,8.89,4274
46,13020,2016-2017,Battle Creek Public Schools,4.5,91.16,7.51,36640,10.73,4274
47,13020,2017-2018,Battle Creek Public Schools,6.4,88.60,3.81,36640,13.48,4274
48,13020,2018-2019,Battle Creek Public Schools,6.45,89.68,1.82,36640,19.77,4274
49,13020,2020-2021,Battle Creek Public Schools,6.8,84.47,3.98,36640,25.32,4274
50,13070,2015-2016,Harper Creek Community Schools,24.9,95.22,0.63,70758,9.47,234
51,13070,2016-2017,Harper Creek Community Schools,33.5,95.96,0.62,70758,10.37,234
52,13070,2017-2018,Harper Creek Community Schools,26.2,95.27,0.0,70758,10.86,234
53,13070,2018-2019,Harper Creek Community Schools,33.6,95.15,0.0,70758,10.53,234
54,13070,2020-2021,Harper Creek Community Schools,23.1,92.23,0.0,70758,15.15,234
55,13110,2015-2016,Marshall Public Schools,38.5,95.13,1.84,54404,8.16,1682
56,13110,2016-2017,Marshall Public Schools,19.9,94.38,3.17,54404,12.31,1682
57,13110,2017-2018,Marshall Public Schools,33.3,94.17,1.69,54404,14.03,1682
58,13110,2018-2019,Marshall Public Schools,32.9,93.92,0.89,54404,14.7,1682
59,13110,2020-2021,Marshall Public Schools,28.8,83.55,1.19,54404,16.94,1682
60,13135,2015-2016,Union City Community Schools,33.3,94.84,1.56,49298,10.22,482
61,13135,2016-2017,Union City Community Schools,26.7,94.83,1.54,49298,8.65,482
62,13135,2017-2018,Union City Community Schools,31.6,94.28,0.0,49298,5.95,482
63,13135,2018-2019,Union City Community Schools,28.6,94.25,0.0,49298,9.23,482
64,13135,2020-2021,Union City Community Schools,49.4,96.24,2.74,49298,19.53,482
65,14030,2015-2016,Edwardsburg Public Schools,39.4,96.38,2.07,73292,34.83,626
66,14030,2016-2017,Edwardsburg Public Schools,41.3,95.75,0.0,73292,33.29,626
67,14030,2017-2018,Edwardsburg Public Schools,36.4,95.08,0.0,73292,31.32,626
68,14030,2018-2019,Edwardsburg Public Schools,51.1,95.04,0.0,73292,30.85,626
69,14030,2020-2021,Edwardsburg Public Schools,40.3,94.06,0.0,73292,30.01,626
70,15020,2015-2016,Boyne City Public Schools,60.2,97.35,1.06,61566,14.94,149
71,15020,2016-2017,Boyne City Public Schools,57.9,97.15,1.0,61566,18.92,149
72,15020,2017-2018,Boyne City Public Schools,41.6,94.88,2.63,61566,18.5,149
73,15020,2018-2019,Boyne City Public Schools,56.7,94.53,2.8,61566,26.15,149
74,15020,2020-2021,Boyne City Public Schools,40.2,95.36,0.87,61566,33.96,149
75,15050,2015-2016,Charlevoix Public Schools,43.9,97.49,0.0,59771,15.54,394
76,15050,2016-2017,Charlevoix Public Schools,55.6,96.38,0.0,59771,12.96,394
77,15050,2017-2018,Charlevoix Public Schools,50.0,94.32,0.0,59771,11.41,394
78,15050,2018-2019,Charlevoix Public Schools,45.5,94.70,0.0,59771,17.67,394
79,15050,2020-2021,Charlevoix Public Schools,52.0,95.28,0.0,59771,53.1,394
80,15060,2015-2016,East Jordan Public Schools,28.2,99.00,4.17,55250,5.83,264
81,15060,2016-2017,East Jordan Public Schools,16.9,97.67,0.0,55250,7.22,264
82,15060,2017-2018,East Jordan Public Schools,23.9,96.26,0.0,55250,9.03,264
83,15060,2018-2019,East Jordan Public Schools,43.1,94.46,3.92,55250,12.23,264
84,15060,2020-2021,East Jordan Public Schools,45.1,94.29,0.0,55250,19.82,264
85,17010,2015-2016,Sault Ste. Marie Area Schools,25.9,94.93,0.65,50313,11.51,1291
86,17010,2016-2017,Sault Ste. Marie Area Schools,28.7,94.41,10.0,50313,14.17,1291
87,17010,2017-2018,Sault Ste. Marie Area Schools,34.6,92.72,1.87,50313,17.97,1291
88,17010,2018-2019,Sault Ste. Marie Area Schools,43.2,93.05,0.87,50313,21.21,1291
89,17010,2020-2021,Sault Ste. Marie Area Schools,44.4,91.20,0.0,50313,27.94,1291
90,18010,2015-2016,Clare Public Schools,21.9,95.00,1.15,49533,11.99,424
91,18010,2016-2017,Clare Public Schools,37.6,94.39,2.2,49533,17.7,424
92,18010,2017-2018,Clare Public Schools,34.7,93.59,1.09,49533,22.03,424
93,18010,2018-2019,Clare Public Schools,45.6,95.02,4.08,49533,26.89,424
94,18010,2020-2021,Clare Public Schools,39.3,94.10,0.0,49533,33.8,424
95,18060,2015-2016,Harrison Community Schools,23.9,94.45,0.0,35513,13.27,1022
96,18060,2016-2017,Harrison Community Schools,20.0,94.36,2.53,35513,15.15,1022
97,18060,2017-2018,Harrison Community Schools,14.6,93.85,2.41,35513,16.9,1022
98,18060,2018-2019,Harrison Community Schools,19.8,92.87,1.18,35513,18.82,1022
99,18060,2020-2021,Harrison Community Schools,22.0,91.23,0.0,35513,26.13,1022
100,19010,2015-2016,DeWitt Public Schools,48.7,96.96,0.0,94767,9.44,122
101,19010,2016-2017,DeWitt Public Schools,47.6,96.20,0.0,94767,10.26,122
102,19010,2017-2018,DeWitt Public Schools,47.0,95.54,0.0,94767,11.18,122
103,19010,2018-2019,DeWitt Public Schools,59.4,95.31,0.0,94767,12.24,122
104,19010,2020-2021,DeWitt Public Schools,64.6,95.94,0.0,94767,15.67,122
105,19070,2015-2016,Fowler Public Schools,56.1,97.45,0.0,63523,12.05,63
106,19070,2016-2017,Fowler Public Schools,48.5,96.89,0.0,63523,14.37,63
107,19070,2017-2018,Fowler Public Schools,30.2,96.42,0.0,63523,15.56,63
108,19070,2018-2019,Fowler Public Schools,53.1,95.96,0.0,63523,16.24,63
109,19070,2020-2021,Fowler Public Schools,58.8,95.34,0.0,63523,17.82,63
110,19100,2015-2016,Bath Community Schools,20.8,95.25,0.0,61280,13.99,147
111,19100,2016-2017,Bath Community Schools,24.1,94.96,1.47,61280,11.9,147
112,19100,2017-2018,Bath Community Schools,36.7,93.99,1.33,61280,13.84,147
113,19100,2018-2019,Bath Community Schools,36.6,93.75,1.49,61280,13.71,147
114,19100,2020-2021,Bath Community Schools,26.5,94.77,0.0,61280,12.85,147
115,19120,2015-2016,Ovid-Elsie Area Schools,38.1,95.64,1.15,59073,20.91,379
116,19120,2016-2017,Ovid-Elsie Area Schools,45.5,94.47,0.0,59073,23.91,379
117,19120,2017-2018,Ovid-Elsie Area Schools,50.0,93.51,0.0,59073,24.52,379
118,19120,2018-2019,Ovid-Elsie Area Schools,55.6,93.33,1.05,59073,25.33,379
119,19120,2020-2021,Ovid-Elsie Area Schools,40.0,96.25,0.0,59073,31.7,379
120,19140,2015-2016,St. Johns Public Schools,22.0,96.41,0.0,71486,13.36,822
121,19140,2016-2017,St. Johns Public Schools,46.2,96.68,0.0,71486,15.89,822
122,19140,2017-2018,St. Johns Public Schools,50.7,95.53,1.23,71486,15.05,822
123,19140,2018-2019,St. Johns Public Schools,53.4,95.49,0.0,71486,16.43,822
124,19140,2020-2021,St. Johns Public Schools,33.0,96.35,0.0,71486,22.11,822
125,20015,2015-2016,Crawford AuSable Schools,51.4,95.61,2.78,50036,23.83,661
126,20015,2016-2017,Crawford AuSable Schools,46.9,95.05,0.89,50036,26.24,661
127,20015,2017-2018,Crawford AuSable Schools,54.8,94.71,0.0,50036,27.4,661
128,20015,2018-2019,Crawford AuSable Schools,55.6,94.41,2.63,50036,30.27,661
129,20015,2020-2021,Crawford AuSable Schools,61.1,95.00,0.0,50036,33.97,661
130,2070,2015-2016,Munising Public Schools,24.5,95.61,0.0,41775,14.39,135
131,2070,2016-2017,Munising Public Schools,15.4,95.49,0.0,41775,14.94,135
132,2070,2017-2018,Munising Public Schools,24.5,92.25,0.0,41775,15.84,135
133,2070,2018-2019,Munising Public Schools,29.5,91.08,0.0,41775,16.61,135
134,2070,2020-2021,Munising Public Schools,29.5,88.37,0.0,41775,19.7,135
135,21025,2015-2016,Gladstone Area Schools,18.1,96.22,0.0,58090,5.76,643
136,21025,2016-2017,Gladstone Area Schools,33.6,95.99,0.0,58090,6.24,643
137,21025,2017-2018,Gladstone Area Schools,35.2,94.75,1.08,58090,6.88,643
138,21025,2018-2019,Gladstone Area Schools,45.7,95.47,0.0,58090,4.98,643
139,21025,2020-2021,Gladstone Area Schools,37.8,92.18,0.0,58090,12.19,643
140,22010,2015-2016,Iron Mountain Public Schools,16.7,91.73,0.0,48086,-3.67,189
141,22010,2016-2017,Iron Mountain Public Schools,33.9,90.95,0.0,48086,-5.51,189
142,22010,2017-2018,Iron Mountain Public Schools,15.6,90.03,0.0,48086,2.71,189
143,22010,2018-2019,Iron Mountain Public Schools,45.5,87.08,0.0,48086,5.01,189
144,22010,2020-2021,Iron Mountain Public Schools,25.9,92.35,0.0,48086,18.5,189
145,22025,2015-2016,Norway-Vulcan Area Schools,40.9,97.35,0.0,53529,5.35,292
146,22025,2016-2017,Norway-Vulcan Area Schools,51.0,95.98,0.0,53529,8.27,292
147,22025,2017-2018,Norway-Vulcan Area Schools,54.2,95.30,2.08,53529,10.91,292
148,22025,2018-2019,Norway-Vulcan Area Schools,54.5,94.96,2.13,53529,14.9,292
149,22025,2020-2021,Norway-Vulcan Area Schools,48.7,94.55,0.0,53529,16.19,292
150,23030,2015-2016,Charlotte Public Schools,39.7,95.10,0.66,66853,21.14,681
151,23030,2016-2017,Charlotte Public Schools,34.8,95.05,0.64,66853,16.95,681
152,23030,2017-2018,Charlotte Public Schools,29.9,94.18,0.0,66853,18.56,681
153,23030,2018-2019,Charlotte Public Schools,30.5,93.84,0.0,66853,16.59,681
154,23030,2020-2021,Charlotte Public Schools,22.5,92.85,0.0,66853,19.98,681
155,23050,2015-2016,Eaton Rapids Public Schools,26.0,95.24,0.67,67259,3.43,625
156,23050,2016-2017,Eaton Rapids Public Schools,20.0,94.92,0.67,67259,6.59,625
157,23050,2017-2018,Eaton Rapids Public Schools,30.8,93.75,1.33,67259,9.32,625
158,23050,2018-2019,Eaton Rapids Public Schools,24.5,94.07,0.0,67259,10.1,625
159,23050,2020-2021,Eaton Rapids Public Schools,30.2,95.00,0.0,67259,13.02,625
160,23060,2015-2016,Grand Ledge Public Schools,38.8,95.46,0.0,75825,9.79,661
161,23060,2016-2017,Grand Ledge Public Schools,46.9,95.31,0.69,75825,11.2,661
162,23060,2017-2018,Grand Ledge Public Schools,53.8,95.81,0.0,75825,12.21,661
163,23060,2018-2019,Grand Ledge Public Schools,52.5,95.80,1.57,75825,12.59,661
164,23060,2020-2021,Grand Ledge Public Schools,41.0,92.32,0.0,75825,20.65,661
165,23080,2015-2016,Olivet Community Schools,41.7,95.77,1.11,64000,11.17,335
166,23080,2016-2017,Olivet Community Schools,33.9,95.09,0.0,64000,13.85,335
167,23080,2017-2018,Olivet Community Schools,43.1,94.40,0.0,64000,15.61,335
168,23080,2018-2019,Olivet Community Schools,48.4,95.36,1.15,64000,14.94,335
169,23080,2020-2021,Olivet Community Schools,34.5,95.45,1.31,64000,21.05,335
170,23090,2015-2016,Potterville Public Schools,24.7,93.72,10.94,57750,7.19,320
171,23090,2016-2017,Potterville Public Schools,24.7,93.25,1.72,57750,6.15,320
172,23090,2017-2018,Potterville Public Schools,2.5,93.36,1.56,57750,5.32,320
173,23090,2018-2019,Potterville Public Schools,18.0,93.28,1.64,57750,9.8,320
174,23090,2020-2021,Potterville Public Schools,28.6,92.68,1.64,57750,9.43,320
175,24020,2015-2016,Harbor Springs School District,59.5,94.87,1.47,66052,21.62,104
176,24020,2016-2017,Harbor Springs School District,43.8,94.75,2.86,66052,19.82,104
177,24020,2017-2018,Harbor Springs School District,51.5,94.49,1.15,66052,20.22,104
178,24020,2018-2019,Harbor Springs School District,67.6,94.26,1.3,66052,23.5,104
179,24020,2020-2021,Harbor Springs School District,41.4,95.61,0.53,66052,33.82,104
180,24040,2015-2016,Pellston Public Schools,33.3,93.72,5.41,48340,16.83,370
181,24040,2016-2017,Pellston Public Schools,35.0,94.62,0.0,48340,20.07,370
182,24040,2017-2018,Pellston Public Schools,5.0,93.82,2.94,48340,23.36,370
183,24040,2018-2019,Pellston Public Schools,33.3,93.56,2.86,48340,24.17,370
184,24040,2020-2021,Pellston Public Schools,10.0,93.19,0.0,48340,30.99,370
185,24070,2015-2016,Public Schools of Petoskey,59.2,94.57,2.78,61697,7.69,593
186,24070,2016-2017,Public Schools of Petoskey,51.6,94.25,2.22,61697,7.45,593
187,24070,2017-2018,Public Schools of Petoskey,62.1,93.33,1.67,61697,6.98,593
188,24070,2018-2019,Public Schools of Petoskey,61.7,91.18,0.0,61697,10.36,593
189,24070,2020-2021,Public Schools of Petoskey,47.1,88.53,0.0,61697,21.04,593
190,25030,2015-2016,Grand Blanc Community Schools,38.55,94.75,0.45,69406,12.23,1507
191,25030,2016-2017,Grand Blanc Community Schools,36.4,94.57,0.23,69406,14.18,1507
192,25030,2017-2018,Grand Blanc Community Schools,43.1,95.12,0.96,69406,14.53,1507
193,25030,2018-2019,Grand Blanc Community Schools,48.25,94.83,0.4,69406,16.21,1507
194,25030,2020-2021,Grand Blanc Community Schools,28.1,92.60,0.2,69406,23.52,1507
195,25050,2015-2016,Goodrich Area Schools,61.2,94.08,0.82,97927,10.3,214
196,25050,2016-2017,Goodrich Area Schools,56.8,94.51,0.0,97927,11.67,214
197,25050,2017-2018,Goodrich Area Schools,50.0,95.62,0.0,97927,11.95,214
198,25050,2018-2019,Goodrich Area Schools,59.9,96.15,0.0,97927,13.02,214
199,25050,2020-2021,Goodrich Area Schools,48.4,94.09,1.77,97927,18.47,214
200,25060,2015-2016,Bendle Public Schools,2.5,91.72,3.17,33063,44.91,768
201,25060,2016-2017,Bendle Public Schools,2.5,92.35,1.64,33063,49.83,768
202,25060,2017-2018,Bendle Public Schools,2.5,90.93,0.0,33063,51.73,768
203,25060,2018-2019,Bendle Public Schools,8.9,91.25,2.74,33063,49.25,768
204,25060,2020-2021,Bendle Public Schools,2.5,70.35,0.0,33063,54.16,768
205,25100,2015-2016,Fenton Area Public Schools,33.3,95.35,0.0,73893,2.6,629
206,25100,2016-2017,Fenton Area Public Schools,28.4,95.12,0.0,73893,5.66,629
207,25100,2017-2018,Fenton Area Public Schools,33.8,95.13,0.0,73893,8.3,629
208,25100,2018-2019,Fenton Area Public Schools,51.6,94.65,0.0,73893,11.39,629
209,25100,2020-2021,Fenton Area Public Schools,37.0,96.51,0.0,73893,24.14,629
210,25120,2015-2016,Flushing Community Schools,40.7,94.02,0.0,68462,10.89,1174
211,25120,2016-2017,Flushing Community Schools,35.8,94.07,0.37,68462,11.07,1174
212,25120,2017-2018,Flushing Community Schools,27.9,94.53,0.37,68462,11.92,1174
213,25120,2018-2019,Flushing Community Schools,51.9,94.14,0.0,68462,13.39,1174
214,25120,2020-2021,Flushing Community Schools,26.2,93.35,0.0,68462,18.69,1174
215,25140,2015-2016,Davison Community Schools,39.6,96.68,1.08,53448,13.26,897
216,25140,2016-2017,Davison Community Schools,31.4,95.19,2.35,53448,15.68,897
217,25140,2017-2018,Davison Community Schools,40.2,94.77,0.5,53448,13.93,897
218,25140,2018-2019,Davison Community Schools,42.8,94.81,1.36,53448,14.01,897
219,25140,2020-2021,Davison Community Schools,40.8,91.09,2.24,53448,19.7,897
220,25150,2015-2016,Clio Area School District,12.3,95.14,1.95,57081,10.36,798
221,25150,2016-2017,Clio Area School District,19.3,95.64,0.66,57081,11.44,798
222,25150,2017-2018,Clio Area School District,21.9,95.12,1.94,57081,12.18,798
223,25150,2018-2019,Clio Area School District,30.8,94.98,1.88,57081,14.61,798
224,25150,2020-2021,Clio Area School District,25.2,90.54,0.0,57081,27.33,798
225,25180,2015-2016,Swartz Creek Community Schools,24.2,95.46,2.33,63177,7.05,1566
226,25180,2016-2017,Swartz Creek Community Schools,27.1,95.56,0.96,63177,8.28,1566
227,25180,2017-2018,Swartz Creek Community Schools,25.5,95.67,1.49,63177,7.9,1566
228,25180,2018-2019,Swartz Creek Community Schools,44.4,94.52,2.01,63177,8.63,1566
229,25180,2020-2021,Swartz Creek Community Schools,24.7,92.56,1.27,63177,17.09,1566
230,25200,2015-2016,Lake Fenton Community Schools,35.6,95.96,0.0,92500,17.57,58
231,25200,2016-2017,Lake Fenton Community Schools,31.7,95.74,0.94,92500,19.32,58
232,25200,2017-2018,Lake Fenton Community Schools,33.5,95.26,0.0,92500,20.27,58
233,25200,2018-2019,Lake Fenton Community Schools,49.7,95.03,0.0,92500,22.37,58
234,25200,2020-2021,Lake Fenton Community Schools,47.9,95.61,0.0,92500,26.66,58
235,25250,2015-2016,Linden Community Schools,23.8,95.28,0.0,80400,9.11,510
236,25250,2016-2017,Linden Community Schools,30.2,94.94,0.0,80400,9.36,510
237,25250,2017-2018,Linden Community Schools,40.8,95.05,0.0,80400,7.26,510
238,25250,2018-2019,Linden Community Schools,63.1,95.13,0.0,80400,7.72,510
239,25250,2020-2021,Linden Community Schools,40.0,96.62,0.0,80400,19.63,510
240,28010,2015-2016,Traverse City Area Public Schools,37.0,95.74,1.0,66094,6.67,2737
241,28010,2016-2017,Traverse City Area Public Schools,39.15,95.34,1.22,66094,5.52,2737
242,28010,2017-2018,Traverse City Area Public Schools,44.95,93.46,0.17,66094,8.48,2737
243,28010,2018-2019,Traverse City Area Public Schools,52.55,94.10,0.0,66094,9.05,2737
244,28010,2020-2021,Traverse City Area Public Schools,48.65,92.85,0.14,66094,10.56,2737
245,28090,2015-2016,Kingsley Area Schools,45.7,96.20,0.0,65068,33.66,505
246,28090,2016-2017,Kingsley Area Schools,39.4,95.60,0.0,65068,31.76,505
247,28090,2017-2018,Kingsley Area Schools,33.6,86.25,0.0,65068,31.33,505
248,28090,2018-2019,Kingsley Area Schools,42.6,94.75,0.0,65068,34.71,505
249,28090,2020-2021,Kingsley Area Schools,41.9,92.72,0.0,65068,35.39,505
250,29010,2015-2016,Alma Public Schools,23.8,95.54,0.0,44094,10.32,833
251,29010,2016-2017,Alma Public Schools,37.2,94.84,0.0,44094,13.63,833
252,29010,2017-2018,Alma Public Schools,44.4,93.70,0.61,44094,15.19,833
253,29010,2018-2019,Alma Public Schools,58.4,93.94,0.0,44094,17.15,833
254,29010,2020-2021,Alma Public Schools,36.8,92.90,0.0,44094,20.08,833
255,29050,2015-2016,Fulton Schools,26.5,97.04,8.93,58684,18.4,288
256,29050,2016-2017,Fulton Schools,33.3,99.28,0.0,58684,16.59,288
257,29050,2017-2018,Fulton Schools,16.2,90.83,0.0,58684,16.01,288
258,29050,2018-2019,Fulton Schools,41.2,92.48,2.82,58684,7.65,288
259,29050,2020-2021,Fulton Schools,23.1,98.83,2.13,58684,9.21,288
260,29100,2015-2016,St. Louis Public Schools,35.1,97.27,0.0,48654,13.61,470
261,29100,2016-2017,St. Louis Public Schools,17.3,96.82,0.0,48654,15.1,470
262,29100,2017-2018,St. Louis Public Schools,13.2,94.77,0.0,48654,12.68,470
263,29100,2018-2019,St. Louis Public Schools,28.6,94.86,1.54,48654,12.93,470
264,29100,2020-2021,St. Louis Public Schools,23.0,96.73,0.0,48654,20.21,470
265,30020,2015-2016,Hillsdale Community Schools,27.6,96.31,1.19,49669,7.6,666
266,30020,2016-2017,Hillsdale Community Schools,20.8,96.17,3.37,49669,11.08,666
267,30020,2017-2018,Hillsdale Community Schools,20.2,93.96,1.08,49669,18.09,666
268,30020,2018-2019,Hillsdale Community Schools,29.5,94.31,3.45,49669,19.75,666
269,30020,2020-2021,Hillsdale Community Schools,14.9,91.99,2.47,49669,29.93,666
270,30030,2015-2016,Jonesville Community Schools,19.2,94.24,0.0,51688,19.85,448
271,30030,2016-2017,Jonesville Community Schools,15.3,94.20,1.08,51688,16.46,448
272,30030,2017-2018,Jonesville Community Schools,21.2,94.19,1.08,51688,14.0,448
273,30030,2018-2019,Jonesville Community Schools,32.7,92.67,1.08,51688,15.79,448
274,30030,2020-2021,Jonesville Community Schools,30.9,88.89,0.0,51688,24.69,448
275,3010,2015-2016,Plainwell Community Schools,48.5,93.08,1.32,71239,18.75,394
276,3010,2016-2017,Plainwell Community Schools,38.8,94.96,0.0,71239,18.62,394
277,3010,2017-2018,Plainwell Community Schools,37.2,94.46,1.81,71239,18.33,394
278,3010,2018-2019,Plainwell Community Schools,54.0,95.64,0.0,71239,17.86,394
279,3010,2020-2021,Plainwell Community Schools,31.2,93.44,0.0,71239,21.82,394
280,3020,2015-2016,Otsego Public Schools,44.6,95.72,0.0,62090,13.44,362
281,3020,2016-2017,Otsego Public Schools,48.8,95.33,0.0,62090,20.23,362
282,3020,2017-2018,Otsego Public Schools,47.1,94.06,0.0,62090,18.54,362
283,3020,2018-2019,Otsego Public Schools,44.1,94.59,0.0,62090,18.24,362
284,3020,2020-2021,Otsego Public Schools,32.7,99.07,0.47,62090,17.49,362
285,3030,2015-2016,Allegan Public Schools,20.1,96.93,0.0,54812,10.05,619
286,3030,2016-2017,Allegan Public Schools,38.4,96.13,0.0,54812,11.47,619
287,3030,2017-2018,Allegan Public Schools,23.0,65.48,1.97,54812,10.92,619
288,3030,2018-2019,Allegan Public Schools,38.2,92.70,0.65,54812,9.81,619
289,3030,2020-2021,Allegan Public Schools,29.0,92.25,0.0,54812,14.18,619
290,3040,2015-2016,Wayland Union Schools,33.5,95.58,0.0,71616,10.6,326
291,3040,2016-2017,Wayland Union Schools,42.7,95.09,0.56,71616,12.05,326
292,3040,2017-2018,Wayland Union Schools,51.6,93.83,0.0,71616,14.96,326
293,3040,2018-2019,Wayland Union Schools,54.1,94.10,0.0,71616,16.26,326
294,3040,2020-2021,Wayland Union Schools,40.2,97.45,0.55,71616,20.24,326
295,3050,2015-2016,Fennville Public Schools,14.6,95.50,3.57,61068,21.69,311
296,3050,2016-2017,Fennville Public Schools,23.1,88.50,0.0,61068,19.99,311
297,3050,2017-2018,Fennville Public Schools,17.0,51.60,0.0,61068,18.93,311
298,3050,2018-2019,Fennville Public Schools,30.3,93.52,1.19,61068,17.85,311
299,3050,2020-2021,Fennville Public Schools,20.4,89.80,0.96,61068,21.42,311
305,3080,2015-2016,Saugatuck Public Schools,60.6,94.75,0.0,80750,15.76,101
306,3080,2016-2017,Saugatuck Public Schools,62.9,94.83,0.0,80750,14.19,101
307,3080,2017-2018,Saugatuck Public Schools,62.7,94.02,1.59,80750,12.43,101
308,3080,2018-2019,Saugatuck Public Schools,57.9,93.97,0.0,80750,11.53,101
309,3080,2020-2021,Saugatuck Public Schools,50.0,92.87,1.27,80750,13.99,101
310,3100,2015-2016,Hamilton Community Schools,38.9,97.36,4.05,74242,18.5,353
311,3100,2016-2017,Hamilton Community Schools,46.9,96.84,1.15,74242,19.67,353
312,3100,2017-2018,Hamilton Community Schools,48.9,95.17,0.56,74242,20.61,353
313,3100,2018-2019,Hamilton Community Schools,52.4,94.57,0.53,74242,20.33,353
314,3100,2020-2021,Hamilton Community Schools,48.9,91.54,0.0,74242,21.48,353
315,31010,2015-2016,Hancock Public Schools,34.0,95.87,0.0,43528,4.52,153
316,31010,2016-2017,Hancock Public Schools,26.5,98.37,3.92,43528,4.39,153
317,31010,2017-2018,Hancock Public Schools,29.9,89.93,0.0,43528,6.08,153
318,31010,2018-2019,Hancock Public Schools,51.8,94.00,2.27,43528,7.99,153
319,31010,2020-2021,Hancock Public Schools,52.9,94.30,0.0,43528,12.06,153
320,32060,2015-2016,Harbor Beach Community Schools,50.0,96.67,0.0,49127,64.04,200
321,32060,2016-2017,Harbor Beach Community Schools,41.9,96.24,0.0,49127,67.84,200
322,32060,2017-2018,Harbor Beach Community Schools,48.6,95.46,0.0,49127,46.0,200
323,32060,2018-2019,Harbor Beach Community Schools,58.1,95.49,0.0,49127,35.85,200
324,32060,2020-2021,Harbor Beach Community Schools,48.5,91.12,2.44,49127,27.46,200
325,33010,2015-2016,East Lansing School District,57.1,96.53,1.83,41119,12.69,527
326,33010,2016-2017,East Lansing School District,41.9,95.82,1.38,41119,11.57,527
327,33010,2017-2018,East Lansing School District,48.7,94.93,2.26,41119,13.17,527
328,33010,2018-2019,East Lansing School District,55.7,94.51,1.74,41119,16.45,527
329,33010,2020-2021,East Lansing School District,50.0,95.75,0.0,41119,29.98,527
330,33040,2015-2016,Dansville Schools,41.8,97.15,0.0,73092,10.86,96
331,33040,2016-2017,Dansville Schools,40.7,96.79,0.0,73092,9.63,96
332,33040,2017-2018,Dansville Schools,50.0,95.08,0.0,73092,14.55,96
333,33040,2018-2019,Dansville Schools,57.9,95.91,0.0,73092,14.76,96
334,33040,2020-2021,Dansville Schools,25.0,95.64,0.0,73092,19.25,96
335,33060,2015-2016,Haslett Public Schools,50.5,96.07,0.0,69375,6.18,371
336,33060,2016-2017,Haslett Public Schools,58.3,95.67,0.0,69375,6.93,371
337,33060,2017-2018,Haslett Public Schools,55.8,95.26,0.0,69375,6.9,371
338,33060,2018-2019,Haslett Public Schools,66.7,94.95,0.0,69375,6.86,371
339,33060,2020-2021,Haslett Public Schools,74.2,98.59,0.0,69375,8.49,371
340,33100,2015-2016,Leslie Public Schools,30.9,95.61,1.15,72367,4.87,409
341,33100,2016-2017,Leslie Public Schools,27.9,95.11,1.09,72367,5.12,409
342,33100,2017-2018,Leslie Public Schools,26.1,94.89,0.83,72367,6.22,409
343,33100,2018-2019,Leslie Public Schools,32.7,94.76,0.0,72367,4.5,409
344,33100,2020-2021,Leslie Public Schools,31.7,96.30,0.0,72367,5.89,409
345,33170,2015-2016,Okemos Public Schools,68.0,95.60,1.43,83026,7.99,713
346,33170,2016-2017,Okemos Public Schools,65.2,95.13,0.34,83026,8.13,713
347,33170,2017-2018,Okemos Public Schools,64.0,95.32,0.35,83026,10.01,713
348,33170,2018-2019,Okemos Public Schools,71.1,95.04,0.0,83026,11.28,713
349,33170,2020-2021,Okemos Public Schools,69.2,99.44,0.0,83026,15.63,713
350,33215,2015-2016,Waverly Community Schools,22.7,95.60,0.0,58759,12.5,1079
351,33215,2016-2017,Waverly Community Schools,27.9,95.27,4.57,58759,14.22,1079
352,33215,2017-2018,Waverly Community Schools,18.8,93.13,2.73,58759,12.19,1079
353,33215,2018-2019,Waverly Community Schools,26.6,92.57,2.11,58759,11.97,1079
354,33215,2020-2021,Waverly Community Schools,33.3,92.06,0.0,58759,22.1,1079
355,33220,2015-2016,Webberville Community Schools,20.4,97.13,0.0,67500,9.09,83
356,33220,2016-2017,Webberville Community Schools,10.6,96.13,0.0,67500,7.18,83
357,33220,2017-2018,Webberville Community Schools,16.2,95.35,3.57,67500,10.71,83
358,33220,2018-2019,Webberville Community Schools,40.0,93.71,0.0,67500,14.91,83
359,33220,2020-2021,Webberville Community Schools,10.0,94.93,0.94,67500,23.42,83
360,33230,2015-2016,Williamston Community Schools,55.2,97.40,0.0,111196,1.86,145
361,33230,2016-2017,Williamston Community Schools,57.4,96.62,0.0,111196,1.88,145
362,33230,2017-2018,Williamston Community Schools,59.3,95.77,0.0,111196,3.95,145
363,33230,2018-2019,Williamston Community Schools,73.9,95.69,0.48,111196,7.23,145
364,33230,2020-2021,Williamston Community Schools,58.3,98.21,0.0,111196,12.55,145
370,34080,2015-2016,Belding Area School District,15.4,95.17,0.95,60061,13.17,820
371,34080,2016-2017,Belding Area School District,9.3,94.74,2.63,60061,10.36,820
372,34080,2017-2018,Belding Area School District,24.3,94.68,0.0,60061,12.14,820
373,34080,2018-2019,Belding Area School District,25.3,94.93,1.59,60061,16.82,820
374,34080,2020-2021,Belding Area School District,25.3,94.96,0.0,60061,19.79,820
375,34090,2015-2016,Lakewood Public Schools,39.5,94.63,1.94,66010,10.83,732
376,34090,2016-2017,Lakewood Public Schools,51.5,94.50,0.0,66010,15.56,732
377,34090,2017-2018,Lakewood Public Schools,44.9,93.65,0.0,66010,17.23,732
378,34090,2018-2019,Lakewood Public Schools,52.8,92.57,0.76,66010,16.88,732
379,34090,2020-2021,Lakewood Public Schools,43.1,90.36,0.0,66010,17.44,732
380,36025,2015-2016,West Iron County Public Schools,8.3,93.33,0.0,44935,25.61,393
381,36025,2016-2017,West Iron County Public Schools,20.8,93.65,0.0,44935,29.16,393
382,36025,2017-2018,West Iron County Public Schools,11.1,93.18,1.03,44935,29.44,393
383,36025,2018-2019,West Iron County Public Schools,26.7,93.21,0.88,44935,32.55,393
384,36025,2020-2021,West Iron County Public Schools,28.6,93.08,0.0,44935,33.34,393
385,38010,2015-2016,Western School District,47.1,96.22,0.0,67176,12.19,779
386,38010,2016-2017,Western School District,44.5,97.11,0.61,67176,12.15,779
387,38010,2017-2018,Western School District,39.5,94.79,0.0,67176,13.99,779
388,38010,2018-2019,Western School District,47.8,94.74,0.0,67176,14.79,779
389,38010,2020-2021,Western School District,27.5,98.15,0.0,67176,23.11,779
390,38050,2015-2016,Grass Lake Community Schools,24.2,95.70,0.0,81429,20.67,29
391,38050,2016-2017,Grass Lake Community Schools,33.0,95.38,1.28,81429,12.88,29
392,38050,2017-2018,Grass Lake Community Schools,35.5,95.18,1.33,81429,11.62,29
393,38050,2018-2019,Grass Lake Community Schools,51.1,95.05,0.0,81429,11.98,29
394,38050,2020-2021,Grass Lake Community Schools,46.3,92.62,0.0,81429,21.85,29
395,38080,2015-2016,Concord Community Schools,10.0,94.64,0.0,65025,21.78,119
396,38080,2016-2017,Concord Community Schools,13.8,95.18,2.17,65025,18.0,119
397,38080,2017-2018,Concord Community Schools,19.1,94.72,0.0,65025,14.82,119
398,38080,2018-2019,Concord Community Schools,17.3,94.62,0.0,65025,17.22,119
399,38080,2020-2021,Concord Community Schools,20.0,99.60,0.0,65025,18.13,119
400,38130,2015-2016,Napoleon Community Schools,41.0,96.12,1.3,58170,9.81,223
401,38130,2016-2017,Napoleon Community Schools,32.7,95.42,0.0,58170,6.72,223
402,38130,2017-2018,Napoleon Community Schools,39.8,95.31,0.0,58170,5.31,223
403,38130,2018-2019,Napoleon Community Schools,41.9,95.56,0.0,58170,4.32,223
404,38130,2020-2021,Napoleon Community Schools,22.6,99.47,0.0,58170,12.31,223
405,38150,2015-2016,Springport Public Schools,21.8,95.25,0.0,61667,15.23,256
406,38150,2016-2017,Springport Public Schools,18.1,94.32,0.0,61667,16.67,256
407,38150,2017-2018,Springport Public Schools,24.7,93.47,4.69,61667,17.39,256
408,38150,2018-2019,Springport Public Schools,28.0,93.58,4.48,61667,16.37,256
409,38150,2020-2021,Springport Public Schools,32.3,97.91,0.0,61667,20.98,256
410,38170,2015-2016,Jackson Public Schools,12.5,92.73,0.75,43003,5.58,4390
411,38170,2016-2017,Jackson Public Schools,16.9,92.43,1.3,43003,3.44,4390
412,38170,2017-2018,Jackson Public Schools,11.0,91.14,0.86,43003,5.37,4390
413,38170,2018-2019,Jackson Public Schools,23.4,90.94,1.69,43003,6.43,4390
414,38170,2020-2021,Jackson Public Schools,15.9,86.18,1.28,43003,17.99,4390
415,39030,2015-2016,Comstock Public Schools,16.7,91.86,5.22,45014,18.03,1633
416,39030,2016-2017,Comstock Public Schools,6.9,92.22,3.01,45014,21.51,1633
417,39030,2017-2018,Comstock Public Schools,5.4,89.67,4.26,45014,14.79,1633
418,39030,2018-2019,Comstock Public Schools,16.5,91.30,5.07,45014,4.03,1633
419,39030,2020-2021,Comstock Public Schools,5.0,94.16,0.0,45014,6.87,1633
420,39065,2015-2016,Gull Lake Community Schools,49.3,96.35,1.38,83938,11.35,391
421,39065,2016-2017,Gull Lake Community Schools,36.6,95.96,0.0,83938,12.85,391
422,39065,2017-2018,Gull Lake Community Schools,38.4,95.05,0.43,83938,13.24,391
423,39065,2018-2019,Gull Lake Community Schools,58.3,95.94,1.05,83938,13.21,391
424,39065,2020-2021,Gull Lake Community Schools,42.3,95.20,0.34,83938,11.45,391
425,39130,2015-2016,Parchment School District,48.8,94.56,0.0,65297,8.1,462
426,39130,2016-2017,Parchment School District,45.8,94.18,0.0,65297,5.86,462
427,39130,2017-2018,Parchment School District,37.7,92.86,0.0,65297,7.71,462
428,39130,2018-2019,Parchment School District,41.8,93.12,0.0,65297,9.41,462
429,39130,2020-2021,Parchment School District,22.8,90.34,0.0,65297,18.65,462
430,39140,2015-2016,Portage Public Schools,56.43333333333334,95.86,1.11,73438,12.57,1788
431,39140,2016-2017,Portage Public Schools,49.699999999999996,95.92,0.37,73438,11.52,1788
432,39140,2017-2018,Portage Public Schools,49.76666666666667,95.23,0.0,73438,10.17,1788
433,39140,2018-2019,Portage Public Schools,61.96666666666666,95.37,0.53,73438,10.13,1788
434,39140,2020-2021,Portage Public Schools,54.96666666666667,96.14,0.0,73438,14.63,1788
435,39160,2015-2016,Schoolcraft Community Schools,36.0,96.12,7.46,90938,17.75,86
436,39160,2016-2017,Schoolcraft Community Schools,44.6,95.12,1.64,90938,17.31,86
437,39160,2017-2018,Schoolcraft Community Schools,54.7,94.80,0.0,90938,18.25,86
438,39160,2018-2019,Schoolcraft Community Schools,63.9,95.65,0.0,90938,18.45,86
439,39160,2020-2021,Schoolcraft Community Schools,63.9,84.59,0.0,90938,19.96,86
440,39170,2015-2016,Vicksburg Community Schools,29.5,96.40,0.0,70194,10.44,366
441,39170,2016-2017,Vicksburg Community Schools,39.9,96.22,0.0,70194,10.2,366
442,39170,2017-2018,Vicksburg Community Schools,35.8,94.64,0.0,70194,9.87,366
443,39170,2018-2019,Vicksburg Community Schools,48.6,95.43,0.0,70194,11.27,366
444,39170,2020-2021,Vicksburg Community Schools,45.7,96.30,0.0,70194,17.68,366
445,40020,2015-2016,Forest Area Community Schools,12.8,94.51,2.08,58920,20.99,249
446,40020,2016-2017,Forest Area Community Schools,18.6,93.04,8.33,58920,28.71,249
447,40020,2017-2018,Forest Area Community Schools,34.9,93.35,10.64,58920,31.56,249
448,40020,2018-2019,Forest Area Community Schools,38.7,93.14,2.44,58920,33.12,249
449,40020,2020-2021,Forest Area Community Schools,33.3,90.22,0.0,58920,31.26,249
450,40040,2015-2016,Kalkaska Public Schools,16.5,95.07,4.35,48522,19.4,758
451,40040,2016-2017,Kalkaska Public Schools,10.3,95.64,0.94,48522,28.77,758
452,40040,2017-2018,Kalkaska Public Schools,16.4,88.81,2.94,48522,31.17,758
453,40040,2018-2019,Kalkaska Public Schools,41.3,94.59,3.08,48522,30.19,758
454,40040,2020-2021,Kalkaska Public Schools,23.6,93.14,0.56,48522,18.67,758
455,41010,2015-2016,Grand Rapids Public Schools,13.883333333333333,87.68,5.99,51541,7.9,14791
456,41010,2016-2017,Grand Rapids Public Schools,15.25,93.54,3.5,51541,8.11,14791
457,41010,2017-2018,Grand Rapids Public Schools,15.950000000000001,92.39,4.71,51541,7.24,14791
458,41010,2018-2019,Grand Rapids Public Schools,23.142857142857142,91.87,2.79,51541,5.88,14791
459,41010,2020-2021,Grand Rapids Public Schools,16.9875,86.44,0.79,51541,9.17,14791
460,41020,2015-2016,Godwin Heights Public Schools,7.7,93.77,3.39,51298,9.92,992
461,41020,2016-2017,Godwin Heights Public Schools,10.3,93.66,3.73,51298,6.82,992
462,41020,2017-2018,Godwin Heights Public Schools,6.2,92.98,0.0,51298,9.29,992
463,41020,2018-2019,Godwin Heights Public Schools,11.7,93.75,1.64,51298,10.6,992
464,41020,2020-2021,Godwin Heights Public Schools,11.2,98.81,0.81,51298,10.2,992
465,41040,2015-2016,Byron Center Public Schools,67.4,96.70,1.47,82940,15.79,967
466,41040,2016-2017,Byron Center Public Schools,64.7,96.36,1.95,82940,14.86,967
467,41040,2017-2018,Byron Center Public Schools,64.2,93.44,0.5,82940,15.36,967
468,41040,2018-2019,Byron Center Public Schools,66.5,94.79,0.0,82940,18.37,967
469,41040,2020-2021,Byron Center Public Schools,64.0,94.67,0.65,82940,22.96,967
470,41050,2015-2016,Caledonia Community Schools,67.7,96.58,0.0,86775,19.31,337
471,41050,2016-2017,Caledonia Community Schools,68.9,96.51,0.0,86775,19.48,337
472,41050,2017-2018,Caledonia Community Schools,67.1,95.56,0.0,86775,16.49,337
473,41050,2018-2019,Caledonia Community Schools,61.5,95.86,0.0,86775,17.28,337
474,41050,2020-2021,Caledonia Community Schools,58.7,94.80,0.0,86775,18.42,337
475,41070,2015-2016,Cedar Springs Public Schools,43.5,96.11,0.52,67950,12.3,323
476,41070,2016-2017,Cedar Springs Public Schools,35.7,95.76,0.0,67950,14.09,323
477,41070,2017-2018,Cedar Springs Public Schools,37.5,94.73,0.95,67950,16.72,323
478,41070,2018-2019,Cedar Springs Public Schools,41.8,95.19,0.93,67950,20.34,323
479,41070,2020-2021,Cedar Springs Public Schools,31.4,92.15,0.39,67950,27.46,323
480,41080,2015-2016,Comstock Park Public Schools,26.1,95.41,0.76,64844,7.53,663
481,41080,2016-2017,Comstock Park Public Schools,29.3,95.36,0.83,64844,6.73,663
482,41080,2017-2018,Comstock Park Public Schools,29.5,95.12,1.71,64844,11.32,663
483,41080,2018-2019,Comstock Park Public Schools,43.1,95.49,0.0,64844,16.29,663
484,41080,2020-2021,Comstock Park Public Schools,40.0,95.73,2.4,64844,28.42,663
485,41110,2015-2016,Forest Hills Public Schools,66.36666666666666,96.46,1.22,108897,12.29,325
486,41110,2016-2017,Forest Hills Public Schools,65.5,96.09,0.16,108897,12.01,325
487,41110,2017-2018,Forest Hills Public Schools,64.06666666666666,95.82,0.56,108897,15.45,325
488,41110,2018-2019,Forest Hills Public Schools,71.8,95.91,0.5,108897,17.23,325
489,41110,2020-2021,Forest Hills Public Schools,70.66666666666667,98.29,0.0,108897,19.17,325
490,41120,2015-2016,Godfrey-Lee Public Schools,10.9,93.83,0.0,47360,13.3,525
491,41120,2016-2017,Godfrey-Lee Public Schools,18.2,93.37,0.7,47360,11.92,525
492,41120,2017-2018,Godfrey-Lee Public Schools,22.4,93.46,0.0,47360,11.62,525
493,41120,2018-2019,Godfrey-Lee Public Schools,7.6,93.67,0.75,47360,15.75,525
494,41120,2020-2021,Godfrey-Lee Public Schools,7.7,96.81,0.0,47360,36.11,525
495,41130,2015-2016,Grandville Public Schools,38.4,96.53,0.0,72078,6.51,860
496,41130,2016-2017,Grandville Public Schools,40.3,96.08,0.0,72078,6.98,860
497,41130,2017-2018,Grandville Public Schools,42.1,95.30,0.0,72078,8.74,860
498,41130,2018-2019,Grandville Public Schools,54.9,95.42,1.03,72078,10.94,860
499,41130,2020-2021,Grandville Public Schools,50.5,91.92,0.4,72078,11.14,860
500,41140,2015-2016,Kelloggsville Public Schools,15.5,93.75,2.22,48145,13.08,604
501,41140,2016-2017,Kelloggsville Public Schools,14.9,93.37,0.7,48145,17.26,604
502,41140,2017-2018,Kelloggsville Public Schools,11.7,91.82,1.99,48145,22.63,604
503,41140,2018-2019,Kelloggsville Public Schools,17.9,92.79,3.13,48145,22.3,604
504,41140,2020-2021,Kelloggsville Public Schools,6.3,91.07,0.71,48145,25.18,604
505,41145,2015-2016,Kenowa Hills Public Schools,26.2,95.83,0.55,61950,13.45,1119
506,41145,2016-2017,Kenowa Hills Public Schools,19.4,95.58,1.11,61950,9.67,1119
507,41145,2017-2018,Kenowa Hills Public Schools,22.2,94.85,0.0,61950,10.4,1119
508,41145,2018-2019,Kenowa Hills Public Schools,30.0,95.14,1.5,61950,10.66,1119
509,41145,2020-2021,Kenowa Hills Public Schools,23.7,96.56,0.0,61950,11.4,1119
510,41150,2015-2016,Kent City Community Schools,24.1,95.59,0.0,72078,3.13,673
511,41150,2016-2017,Kent City Community Schools,23.2,95.04,0.0,72078,3.43,673
512,41150,2017-2018,Kent City Community Schools,36.1,94.55,0.94,72078,3.19,673
513,41150,2018-2019,Kent City Community Schools,45.7,93.96,0.0,72078,3.07,673
514,41150,2020-2021,Kent City Community Schools,24.7,97.91,0.0,72078,15.52,673
515,41160,2015-2016,Kentwood Public Schools,28.266666666666666,95.04,1.44,57176,7.48,5095
516,41160,2016-2017,Kentwood Public Schools,27.133333333333336,94.80,0.0,57176,9.6,5095
517,41160,2017-2018,Kentwood Public Schools,22.8,93.96,1.29,57176,10.91,5095
518,41160,2018-2019,Kentwood Public Schools,28.0,94.06,1.24,57176,12.27,5095
519,41160,2020-2021,Kentwood Public Schools,25.266666666666666,95.45,0.17,57176,14.53,5095
520,41170,2015-2016,Lowell Area Schools,52.1,96.08,0.92,84782,11.49,273
521,41170,2016-2017,Lowell Area Schools,57.0,95.80,0.9,84782,13.9,273
522,41170,2017-2018,Lowell Area Schools,53.7,95.10,0.0,84782,15.63,273
523,41170,2018-2019,Lowell Area Schools,61.0,95.29,0.0,84782,15.88,273
524,41170,2020-2021,Lowell Area Schools,50.0,99.08,0.0,84782,16.89,273
525,41210,2015-2016,Rockford Public Schools,60.8,96.25,0.42,97024,3.59,617
526,41210,2016-2017,Rockford Public Schools,62.75,96.10,0.21,97024,4.21,617
527,41210,2017-2018,Rockford Public Schools,49.45,95.64,0.41,97024,5.8,617
528,41210,2018-2019,Rockford Public Schools,66.5,95.59,0.21,97024,7.63,617
529,41210,2020-2021,Rockford Public Schools,59.400000000000006,93.09,0.0,97024,10.43,617
530,41240,2015-2016,Sparta Area Schools,39.4,93.06,3.47,73054,11.22,427
531,41240,2016-2017,Sparta Area Schools,38.3,93.07,0.72,73054,10.27,427
532,41240,2017-2018,Sparta Area Schools,35.4,95.82,1.48,73054,13.75,427
533,41240,2018-2019,Sparta Area Schools,46.1,96.05,2.9,73054,15.25,427
534,41240,2020-2021,Sparta Area Schools,29.0,96.73,0.0,73054,23.48,427
535,44020,2015-2016,Almont Community Schools,55.0,95.88,1.28,80500,7.16,168
536,44020,2016-2017,Almont Community Schools,54.5,95.94,0.0,80500,6.25,168
537,44020,2017-2018,Almont Community Schools,53.0,94.64,0.0,80500,6.67,168
538,44020,2018-2019,Almont Community Schools,63.4,94.67,0.83,80500,10.59,168
539,44020,2020-2021,Almont Community Schools,56.6,89.84,0.0,80500,14.62,168
540,44060,2015-2016,Imlay City Community Schools,24.3,95.07,0.0,61895,14.4,636
541,44060,2016-2017,Imlay City Community Schools,22.9,96.02,0.0,61895,20.13,636
542,44060,2017-2018,Imlay City Community Schools,28.1,93.26,0.0,61895,19.07,636
543,44060,2018-2019,Imlay City Community Schools,40.3,93.50,0.0,61895,17.75,636
544,44060,2020-2021,Imlay City Community Schools,41.3,91.41,0.0,61895,29.49,636
545,44090,2015-2016,North Branch Area Schools,36.2,94.65,0.0,61851,9.09,385
546,44090,2016-2017,North Branch Area Schools,43.7,94.16,0.0,61851,11.94,385
547,44090,2017-2018,North Branch Area Schools,45.9,94.16,1.39,61851,13.49,385
548,44090,2018-2019,North Branch Area Schools,51.5,93.81,0.0,61851,15.2,385
549,44090,2020-2021,North Branch Area Schools,43.3,93.24,0.0,61851,25.15,385
550,46020,2015-2016,Addison Community Schools,31.4,96.55,0.0,67762,7.44,138
551,46020,2016-2017,Addison Community Schools,18.9,95.54,0.0,67762,9.72,138
552,46020,2017-2018,Addison Community Schools,34.4,95.01,0.0,67762,9.34,138
553,46020,2018-2019,Addison Community Schools,40.0,95.38,0.0,67762,8.75,138
554,46020,2020-2021,Addison Community Schools,24.5,97.49,0.0,67762,12.73,138
555,46040,2015-2016,Blissfield Community Schools,59.6,96.39,0.0,60864,34.62,213
556,46040,2016-2017,Blissfield Community Schools,47.2,95.85,0.0,60864,35.43,213
557,46040,2017-2018,Blissfield Community Schools,56.0,94.82,0.0,60864,38.32,213
558,46040,2018-2019,Blissfield Community Schools,37.1,94.58,0.0,60864,38.73,213
559,46040,2020-2021,Blissfield Community Schools,34.1,98.80,0.0,60864,36.85,213
560,46060,2015-2016,Clinton Community Schools,38.4,96.29,0.0,75651,20.35,168
561,46060,2016-2017,Clinton Community Schools,28.6,95.53,7.46,75651,21.88,168
562,46060,2017-2018,Clinton Community Schools,23.9,95.16,0.0,75651,28.77,168
563,46060,2018-2019,Clinton Community Schools,38.7,95.46,4.44,75651,34.56,168
564,46060,2020-2021,Clinton Community Schools,40.3,94.65,0.0,75651,41.65,168
565,46100,2015-2016,Morenci Area Schools,46.3,96.48,2.38,48516,8.11,157
566,46100,2016-2017,Morenci Area Schools,20.5,95.51,11.63,48516,11.49,157
567,46100,2017-2018,Morenci Area Schools,38.2,94.96,8.89,48516,11.45,157
568,46100,2018-2019,Morenci Area Schools,40.8,94.00,4.55,48516,14.81,157
569,46100,2020-2021,Morenci Area Schools,34.2,97.90,4.76,48516,20.33,157
570,46110,2015-2016,Onsted Community Schools,27.8,96.97,3.66,64267,15.16,301
571,46110,2016-2017,Onsted Community Schools,28.6,96.34,7.41,64267,15.38,301
572,46110,2017-2018,Onsted Community Schools,18.5,96.58,1.3,64267,13.63,301
573,46110,2018-2019,Onsted Community Schools,31.4,98.70,1.27,64267,16.28,301
574,46110,2020-2021,Onsted Community Schools,21.6,91.22,0.0,64267,20.37,301
575,47010,2015-2016,Brighton Area Schools,48.6,96.15,0.0,99205,3.8,554
576,47010,2016-2017,Brighton Area Schools,55.0,95.76,0.0,99205,5.29,554
577,47010,2017-2018,Brighton Area Schools,52.1,95.51,0.13,99205,7.04,554
578,47010,2018-2019,Brighton Area Schools,62.8,95.44,0.12,99205,10.96,554
579,47010,2020-2021,Brighton Area Schools,59.3,99.47,0.0,99205,11.13,554
580,47070,2015-2016,Howell Public Schools,38.65,95.63,0.0,76118,14.35,1264
581,47070,2016-2017,Howell Public Schools,32.95,95.42,3.72,76118,15.27,1264
582,47070,2017-2018,Howell Public Schools,27.85,95.37,3.81,76118,17.4,1264
583,47070,2018-2019,Howell Public Schools,48.15,94.19,2.3,76118,18.78,1264
584,47070,2020-2021,Howell Public Schools,38.3,91.68,0.21,76118,20.71,1264
585,49010,2015-2016,St. Ignace Area Schools,54.2,94.61,0.0,48594,17.13,240
586,49010,2016-2017,St. Ignace Area Schools,58.5,95.35,5.41,48594,16.13,240
587,49010,2017-2018,St. Ignace Area Schools,37.8,90.82,0.0,48594,16.56,240
588,49010,2018-2019,St. Ignace Area Schools,43.2,94.87,0.0,48594,17.07,240
589,49010,2020-2021,St. Ignace Area Schools,53.3,93.74,0.0,48594,28.45,240
590,50010,2015-2016,Center Line Public Schools,15.7,94.04,2.44,44448,4.83,1513
591,50010,2016-2017,Center Line Public Schools,8.3,93.59,0.0,44448,6.32,1513
592,50010,2017-2018,Center Line Public Schools,19.5,92.45,0.0,44448,7.02,1513
593,50010,2018-2019,Center Line Public Schools,18.6,91.52,1.21,44448,6.66,1513
594,50010,2020-2021,Center Line Public Schools,12.9,96.00,0.0,44448,16.1,1513
595,50030,2015-2016,Roseville Community Schools,17.65,92.73,4.11,49826,9.67,3032
596,50030,2016-2017,Roseville Community Schools,15.5,92.71,2.98,49826,10.09,3032
597,50030,2017-2018,Roseville Community Schools,15.1,90.01,0.64,49826,7.1,3032
598,50030,2018-2019,Roseville Community Schools,17.05,89.88,2.57,49826,7.5,3032
599,50030,2020-2021,Roseville Community Schools,11.7,89.73,0.36,49826,19.32,3032
600,50040,2015-2016,Anchor Bay School District,46.65,95.40,2.83,78346,11.46,930
601,50040,2016-2017,Anchor Bay School District,36.65,95.07,0.32,78346,9.63,930
602,50040,2017-2018,Anchor Bay School District,34.4,95.02,0.3,78346,9.61,930
603,50040,2018-2019,Anchor Bay School District,53.05,94.74,0.0,78346,8.05,930
604,50040,2020-2021,Anchor Bay School District,40.45,99.42,0.0,78346,4.67,930
605,50050,2015-2016,Armada Area Schools,45.1,96.39,0.85,82759,2.23,124
606,50050,2016-2017,Armada Area Schools,47.1,96.55,3.88,82759,6.2,124
607,50050,2017-2018,Armada Area Schools,37.8,95.06,1.79,82759,10.43,124
608,50050,2018-2019,Armada Area Schools,39.1,94.50,0.95,82759,9.3,124
609,50050,2020-2021,Armada Area Schools,53.7,93.75,0.0,82759,10.42,124
610,50070,2015-2016,Clintondale Community Schools,19.6,88.82,0.73,53638,5.43,1811
611,50070,2016-2017,Clintondale Community Schools,25.0,85.99,0.0,53638,6.85,1811
612,50070,2017-2018,Clintondale Community Schools,25.8,71.99,0.0,53638,6.37,1811
613,50070,2018-2019,Clintondale Community Schools,12.9,84.89,0.0,53638,3.42,1811
614,50070,2020-2021,Clintondale Community Schools,14.6,79.17,0.63,53638,12.74,1811
615,50080,2015-2016,Chippewa Valley Schools,41.349999999999994,95.54,0.0,76933,17.65,3121
616,50080,2016-2017,Chippewa Valley Schools,42.375,95.21,0.0,76933,17.85,3121
617,50080,2017-2018,Chippewa Valley Schools,42.625,94.85,0.0,76933,18.59,3121
618,50080,2018-2019,Chippewa Valley Schools,49.075,94.80,0.12,76933,18.93,3121
619,50080,2020-2021,Chippewa Valley Schools,36.875,99.46,0.0,76933,19.23,3121
620,50090,2015-2016,Fitzgerald Public Schools,14.2,93.48,1.36,44184,4.15,2484
621,50090,2016-2017,Fitzgerald Public Schools,13.2,92.72,1.24,44184,4.25,2484
622,50090,2017-2018,Fitzgerald Public Schools,11.5,90.83,0.52,44184,1.69,2484
623,50090,2018-2019,Fitzgerald Public Schools,20.0,90.90,0.0,44184,4.89,2484
624,50090,2020-2021,Fitzgerald Public Schools,11.4,98.57,0.4,44184,11.23,2484
625,50100,2015-2016,Fraser Public Schools,27.3,96.27,0.94,56435,12.11,1211
626,50100,2016-2017,Fraser Public Schools,25.8,94.63,0.92,56435,13.99,1211
627,50100,2017-2018,Fraser Public Schools,30.5,94.00,0.93,56435,13.27,1211
628,50100,2018-2019,Fraser Public Schools,43.8,93.65,2.24,56435,11.99,1211
629,50100,2020-2021,Fraser Public Schools,28.3,90.92,0.0,56435,10.97,1211
630,50140,2015-2016,L'Anse Creuse Public Schools,32.375,94.50,0.0,70384,5.88,2204
631,50140,2016-2017,L'Anse Creuse Public Schools,37.05,93.53,0.0,70384,5.7,2204
632,50140,2017-2018,L'Anse Creuse Public Schools,39.275,94.02,0.0,70384,4.35,2204
633,50140,2018-2019,L'Anse Creuse Public Schools,42.925,92.79,0.49,70384,4.55,2204
634,50140,2020-2021,L'Anse Creuse Public Schools,33.975,95.10,0.0,70384,10.52,2204
635,50160,2015-2016,Mount Clemens Community School District,5.0,92.18,5.97,46762,-14.58,1747
636,50160,2016-2017,Mount Clemens Community School District,5.0,91.58,7.69,46762,-5.55,1747
637,50160,2017-2018,Mount Clemens Community School District,5.0,89.77,9.23,46762,-0.98,1747
638,50160,2018-2019,Mount Clemens Community School District,5.0,89.74,0.0,46762,6.24,1747
639,50160,2020-2021,Mount Clemens Community School District,8.1,73.56,0.0,46762,8.47,1747
640,50170,2015-2016,New Haven Community Schools,22.3,94.99,7.89,67759,-0.55,927
641,50170,2016-2017,New Haven Community Schools,18.5,93.91,12.16,67759,0.19,927
642,50170,2017-2018,New Haven Community Schools,8.0,92.98,6.85,67759,0.24,927
643,50170,2018-2019,New Haven Community Schools,30.1,93.42,3.61,67759,1.67,927
644,50170,2020-2021,New Haven Community Schools,17.9,93.53,0.0,67759,8.16,927
645,50180,2015-2016,Richmond Community Schools,38.7,97.16,4.76,72578,7.65,372
646,50180,2016-2017,Richmond Community Schools,35.1,96.63,2.47,72578,6.33,372
647,50180,2017-2018,Richmond Community Schools,19.6,94.98,0.0,72578,5.68,372
648,50180,2018-2019,Richmond Community Schools,31.1,93.93,0.0,72578,5.97,372
649,50180,2020-2021,Richmond Community Schools,33.6,94.85,0.0,72578,7.92,372
650,50190,2015-2016,Romeo Community Schools,32.4,95.22,1.01,86887,7.2,820
651,50190,2016-2017,Romeo Community Schools,32.8,94.71,0.33,86887,9.31,820
652,50190,2017-2018,Romeo Community Schools,39.2,94.29,0.0,86887,10.14,820
653,50190,2018-2019,Romeo Community Schools,49.45,94.42,0.0,86887,11.69,820
654,50190,2020-2021,Romeo Community Schools,44.1,94.95,0.0,86887,13.31,820
655,50200,2015-2016,South Lake Schools,18.1,94.42,2.33,62358,-6.4,692
656,50200,2016-2017,South Lake Schools,13.8,93.88,1.59,62358,-6.66,692
657,50200,2017-2018,South Lake Schools,10.2,91.97,0.0,62358,-6.62,692
658,50200,2018-2019,South Lake Schools,14.5,92.38,0.0,62358,-8.78,692
659,50200,2020-2021,South Lake Schools,8.8,91.59,0.0,62358,1.19,692
660,50220,2015-2016,Van Dyke Public Schools,10.6,91.98,12.5,40660,11.57,2995
661,50220,2016-2017,Van Dyke Public Schools,7.8,94.36,2.92,40660,13.62,2995
662,50220,2017-2018,Van Dyke Public Schools,5.6,89.67,2.44,40660,12.54,2995
663,50220,2018-2019,Van Dyke Public Schools,9.2,89.62,0.64,40660,17.29,2995
664,50220,2020-2021,Van Dyke Public Schools,6.3,94.12,0.0,40660,22.92,2995
665,50230,2015-2016,Warren Consolidated Schools,36.42,96.02,0.0,60931,3.7,6780
666,50230,2016-2017,Warren Consolidated Schools,33.760000000000005,96.04,0.0,60931,6.06,6780
667,50230,2017-2018,Warren Consolidated Schools,33.54,93.99,0.13,60931,5.13,6780
668,50230,2018-2019,Warren Consolidated Schools,42.620000000000005,91.97,0.13,60931,6.32,6780
669,50230,2020-2021,Warren Consolidated Schools,27.82,95.76,0.0,60931,7.76,6780
670,50240,2015-2016,Warren Woods Public Schools,21.0,93.71,1.04,61453,26.0,914
671,50240,2016-2017,Warren Woods Public Schools,25.2,93.63,1.02,61453,27.13,914
672,50240,2017-2018,Warren Woods Public Schools,22.5,92.54,2.67,61453,27.18,914
673,50240,2018-2019,Warren Woods Public Schools,39.0,92.16,3.83,61453,27.77,914
674,50240,2020-2021,Warren Woods Public Schools,22.8,94.01,0.0,61453,29.05,914
675,5040,2015-2016,Bellaire Public Schools,50.0,95.08,0.0,58591,20.49,81
676,5040,2016-2017,Bellaire Public Schools,52.2,95.18,0.0,58591,27.7,81
677,5040,2017-2018,Bellaire Public Schools,47.1,93.57,0.0,58591,34.25,81
678,5040,2018-2019,Bellaire Public Schools,63.6,93.30,0.0,58591,38.31,81
679,5040,2020-2021,Bellaire Public Schools,38.1,92.97,2.08,58591,39.29,81
680,5060,2015-2016,Elk Rapids Schools,47.4,95.99,0.0,75953,8.94,245
681,5060,2016-2017,Elk Rapids Schools,46.3,96.23,0.0,75953,8.89,245
682,5060,2017-2018,Elk Rapids Schools,42.9,95.25,1.35,75953,9.12,245
683,5060,2018-2019,Elk Rapids Schools,58.2,94.24,0.0,75953,7.89,245
684,5060,2020-2021,Elk Rapids Schools,52.2,94.24,0.0,75953,11.45,245
685,5070,2015-2016,Mancelona Public Schools,21.5,95.24,6.45,48125,19.9,373
686,5070,2016-2017,Mancelona Public Schools,32.2,94.91,3.23,48125,20.54,373
687,5070,2017-2018,Mancelona Public Schools,31.8,93.03,3.39,48125,21.31,373
688,5070,2018-2019,Mancelona Public Schools,44.4,93.70,1.59,48125,22.46,373
689,5070,2020-2021,Mancelona Public Schools,54.7,91.40,3.7,48125,28.35,373
690,51045,2015-2016,Kaleva Norman Dickson School District,25.0,93.18,2.7,49026,32.27,217
691,51045,2016-2017,Kaleva Norman Dickson School District,31.3,92.36,0.0,49026,27.55,217
692,51045,2017-2018,Kaleva Norman Dickson School District,10.0,83.31,4.65,49026,25.87,217
693,51045,2018-2019,Kaleva Norman Dickson School District,26.7,92.59,0.0,49026,27.05,217
694,51045,2020-2021,Kaleva Norman Dickson School District,33.3,90.48,0.0,49026,34.61,217
695,52040,2015-2016,Gwinn Area Community Schools,2.5,92.37,0.0,57052,2.49,872
696,52040,2016-2017,Gwinn Area Community Schools,23.7,93.83,2.7,57052,-3.72,872
697,52040,2017-2018,Gwinn Area Community Schools,19.0,91.08,1.43,57052,-2.22,872
698,52040,2018-2019,Gwinn Area Community Schools,35.5,91.74,1.37,57052,0.91,872
699,52040,2020-2021,Gwinn Area Community Schools,15.7,87.88,0.0,57052,11.71,872
700,52090,2015-2016,Negaunee Public Schools,26.8,95.63,0.0,59535,16.3,241
701,52090,2016-2017,Negaunee Public Schools,28.4,94.83,0.0,59535,16.3,241
702,52090,2017-2018,Negaunee Public Schools,33.7,95.59,0.0,59535,21.17,241
703,52090,2018-2019,Negaunee Public Schools,56.5,95.53,0.0,59535,27.39,241
704,52090,2020-2021,Negaunee Public Schools,45.4,92.79,0.0,59535,29.73,241
705,52170,2015-2016,Marquette Area Public Schools,33.9,93.76,1.0,53451,24.71,796
706,52170,2016-2017,Marquette Area Public Schools,36.2,93.77,1.49,53451,20.64,796
707,52170,2017-2018,Marquette Area Public Schools,25.5,93.01,0.0,53451,22.25,796
708,52170,2018-2019,Marquette Area Public Schools,57.3,92.97,0.3,53451,23.23,796
709,52170,2020-2021,Marquette Area Public Schools,51.3,97.73,0.43,53451,32.58,796
710,53040,2015-2016,Ludington Area School District,43.0,95.95,0.75,51817,8.28,731
711,53040,2016-2017,Ludington Area School District,36.4,95.92,0.0,51817,7.89,731
712,53040,2017-2018,Ludington Area School District,38.4,94.59,0.0,51817,7.22,731
713,53040,2018-2019,Ludington Area School District,42.4,94.72,0.0,51817,7.14,731
714,53040,2020-2021,Ludington Area School District,47.3,90.74,0.0,51817,6.77,731
715,54010,2015-2016,Big Rapids Public Schools,15.4,95.98,3.81,39738,13.7,925
716,54010,2016-2017,Big Rapids Public Schools,28.7,94.99,5.45,39738,16.36,925
717,54010,2017-2018,Big Rapids Public Schools,20.3,94.69,2.7,39738,17.26,925
718,54010,2018-2019,Big Rapids Public Schools,41.9,94.22,1.8,39738,19.52,925
719,54010,2020-2021,Big Rapids Public Schools,30.7,93.06,0.0,39738,17.79,925
720,54040,2015-2016,Morley Stanwood Community Schools,5.7,94.42,0.0,50047,12.5,488
721,54040,2016-2017,Morley Stanwood Community Schools,14.1,93.75,0.0,50047,16.43,488
722,54040,2017-2018,Morley Stanwood Community Schools,9.6,93.55,1.35,50047,16.12,488
723,54040,2018-2019,Morley Stanwood Community Schools,12.2,93.07,0.0,50047,17.39,488
724,54040,2020-2021,Morley Stanwood Community Schools,34.1,89.96,0.0,50047,20.94,488
725,56010,2015-2016,Midland Public Schools,45.05,96.76,0.0,66197,12.55,1750
726,56010,2016-2017,Midland Public Schools,52.5,96.43,1.24,66197,18.44,1750
727,56010,2017-2018,Midland Public Schools,55.8,96.20,0.0,66197,24.24,1750
728,56010,2018-2019,Midland Public Schools,66.25,96.25,0.0,66197,29.17,1750
729,56010,2020-2021,Midland Public Schools,51.7,95.36,0.84,66197,33.45,1750
730,56020,2015-2016,Bullock Creek School District,39.4,96.24,0.0,65943,9.57,453
731,56020,2016-2017,Bullock Creek School District,35.0,96.00,0.0,65943,9.19,453
732,56020,2017-2018,Bullock Creek School District,43.2,95.79,0.0,65943,9.06,453
733,56020,2018-2019,Bullock Creek School District,57.4,95.86,0.0,65943,8.48,453
734,56020,2020-2021,Bullock Creek School District,37.5,98.20,0.0,65943,12.65,453
735,57020,2015-2016,Lake City Area School District,38.6,94.07,1.59,46517,13.37,595
736,57020,2016-2017,Lake City Area School District,30.0,93.26,1.47,46517,13.5,595
737,57020,2017-2018,Lake City Area School District,20.0,92.39,1.39,46517,14.55,595
738,57020,2018-2019,Lake City Area School District,33.3,91.55,0.0,46517,11.22,595
739,57020,2020-2021,Lake City Area School District,33.8,87.26,0.0,46517,14.52,595
740,58010,2015-2016,Monroe Public Schools,22.5,94.12,0.32,55080,11.38,2912
741,58010,2016-2017,Monroe Public Schools,20.5,93.72,0.67,55080,10.54,2912
742,58010,2017-2018,Monroe Public Schools,22.5,92.75,0.34,55080,12.7,2912
743,58010,2018-2019,Monroe Public Schools,25.2,92.54,0.0,55080,14.7,2912
744,58010,2020-2021,Monroe Public Schools,42.4,89.64,0.0,55080,25.34,2912
745,58050,2015-2016,Dundee Community Schools,32.5,95.16,0.0,69671,24.2,442
746,58050,2016-2017,Dundee Community Schools,23.6,95.66,4.44,69671,23.82,442
747,58050,2017-2018,Dundee Community Schools,40.9,95.33,0.0,69671,21.21,442
748,58050,2018-2019,Dundee Community Schools,59.8,95.57,0.0,69671,16.81,442
749,58050,2020-2021,Dundee Community Schools,36.7,98.51,0.0,69671,15.51,442
750,58070,2015-2016,Ida Public School District,37.5,95.03,0.0,84838,30.09,162
751,58070,2016-2017,Ida Public School District,29.7,98.18,0.0,84838,27.45,162
752,58070,2017-2018,Ida Public School District,37.4,95.95,0.0,84838,31.19,162
753,58070,2018-2019,Ida Public School District,56.2,94.46,0.0,84838,31.98,162
754,58070,2020-2021,Ida Public School District,34.6,95.52,1.19,84838,26.11,162
755,59070,2015-2016,Greenville Public Schools,29.5,95.27,0.45,56075,5.7,1022
756,59070,2016-2017,Greenville Public Schools,34.1,95.54,1.86,56075,6.56,1022
757,59070,2017-2018,Greenville Public Schools,37.1,95.09,2.36,56075,7.31,1022
758,59070,2018-2019,Greenville Public Schools,40.9,94.64,2.97,56075,8.21,1022
759,59070,2020-2021,Greenville Public Schools,30.6,92.49,2.59,56075,11.55,1022
760,59080,2015-2016,Tri County Area Schools,26.3,94.94,0.0,59821,12.74,462
761,59080,2016-2017,Tri County Area Schools,21.7,94.15,0.0,59821,11.56,462
762,59080,2017-2018,Tri County Area Schools,36.0,93.69,0.85,59821,12.54,462
763,59080,2018-2019,Tri County Area Schools,32.9,93.89,0.0,59821,14.52,462
764,59080,2020-2021,Tri County Area Schools,19.6,94.15,0.0,59821,17.61,462
765,59125,2015-2016,Central Montcalm Public Schools,30.6,93.14,0.0,52067,19.31,438
766,59125,2016-2017,Central Montcalm Public Schools,25.8,95.40,0.0,52067,20.65,438
767,59125,2017-2018,Central Montcalm Public Schools,34.9,93.65,1.01,52067,21.82,438
768,59125,2018-2019,Central Montcalm Public Schools,27.2,94.03,2.04,52067,21.39,438
769,59125,2020-2021,Central Montcalm Public Schools,23.1,92.17,0.0,52067,29.23,438
770,6020,2015-2016,Au Gres-Sims School District,10.0,95.97,0.0,46637,25.98,170
771,6020,2016-2017,Au Gres-Sims School District,20.7,94.91,5.41,46637,27.79,170
772,6020,2017-2018,Au Gres-Sims School District,10.0,94.10,0.0,46637,31.11,170
773,6020,2018-2019,Au Gres-Sims School District,22.6,94.49,14.63,46637,30.62,170
774,6020,2020-2021,Au Gres-Sims School District,10.0,75.05,0.0,46637,33.79,170
775,61060,2015-2016,Mona Shores Public School District,36.3,95.47,0.49,67354,9.24,1125
776,61060,2016-2017,Mona Shores Public School District,41.2,93.71,0.49,67354,7.47,1125
777,61060,2017-2018,Mona Shores Public School District,35.6,93.72,0.0,67354,8.96,1125
778,61060,2018-2019,Mona Shores Public School District,44.7,94.18,0.0,67354,9.51,1125
779,61060,2020-2021,Mona Shores Public School District,32.9,96.92,0.52,67354,13.56,1125
780,61065,2015-2016,Oakridge Public Schools,25.3,94.22,0.0,52050,11.26,560
781,61065,2016-2017,Oakridge Public Schools,40.6,94.08,0.75,52050,9.94,560
782,61065,2017-2018,Oakridge Public Schools,26.8,93.00,0.69,52050,9.79,560
783,61065,2018-2019,Oakridge Public Schools,31.6,93.21,1.88,52050,11.16,560
784,61065,2020-2021,Oakridge Public Schools,7.3,96.80,0.0,52050,15.56,560
785,61080,2015-2016,Fruitport Community Schools,27.0,94.11,0.0,59795,8.54,725
786,61080,2016-2017,Fruitport Community Schools,31.6,95.12,3.68,59795,8.92,725
787,61080,2017-2018,Fruitport Community Schools,18.4,92.81,6.06,59795,9.15,725
788,61080,2018-2019,Fruitport Community Schools,39.5,93.78,3.68,59795,9.5,725
789,61080,2020-2021,Fruitport Community Schools,31.8,86.11,0.63,59795,14.49,725
790,61120,2015-2016,Holton Public Schools,22.0,94.94,0.0,55689,7.79,537
791,61120,2016-2017,Holton Public Schools,23.0,95.57,0.0,55689,7.78,537
792,61120,2017-2018,Holton Public Schools,23.0,94.64,0.0,55689,9.48,537
793,61120,2018-2019,Holton Public Schools,27.8,94.78,1.69,55689,10.41,537
794,61120,2020-2021,Holton Public Schools,18.4,95.45,0.0,55689,17.13,537
795,61180,2015-2016,Montague Area Public Schools,38.1,94.90,0.0,63438,3.96,375
796,61180,2016-2017,Montague Area Public Schools,48.7,94.08,0.0,63438,6.53,375
797,61180,2017-2018,Montague Area Public Schools,40.2,92.39,0.0,63438,10.51,375
798,61180,2018-2019,Montague Area Public Schools,41.9,90.00,0.0,63438,12.03,375
799,61180,2020-2021,Montague Area Public Schools,35.9,93.23,1.77,63438,13.84,375
800,61190,2015-2016,Orchard View Schools,13.3,89.40,0.0,47851,6.33,897
801,61190,2016-2017,Orchard View Schools,10.5,82.06,0.0,47851,6.21,897
802,61190,2017-2018,Orchard View Schools,10.2,78.85,0.67,47851,6.23,897
803,61190,2018-2019,Orchard View Schools,19.1,87.96,2.07,47851,8.28,897
804,61190,2020-2021,Orchard View Schools,5.5,72.76,1.39,47851,17.06,897
805,61210,2015-2016,Ravenna Public Schools,33.3,95.47,0.0,58079,6.51,249
806,61210,2016-2017,Ravenna Public Schools,22.9,95.49,0.0,58079,4.09,249
807,61210,2017-2018,Ravenna Public Schools,26.9,92.34,0.0,58079,6.67,249
808,61210,2018-2019,Ravenna Public Schools,55.3,91.21,0.0,58079,6.98,249
809,61210,2020-2021,Ravenna Public Schools,16.2,92.89,0.0,58079,18.06,249
810,61220,2015-2016,Reeths-Puffer Schools,28.8,95.76,2.69,66260,7.57,459
811,61220,2016-2017,Reeths-Puffer Schools,17.6,94.98,0.93,66260,10.09,459
812,61220,2017-2018,Reeths-Puffer Schools,24.0,93.31,0.0,66260,9.67,459
813,61220,2018-2019,Reeths-Puffer Schools,36.4,93.29,0.45,66260,9.18,459
814,61220,2020-2021,Reeths-Puffer Schools,27.3,92.02,1.08,66260,11.8,459
815,61230,2015-2016,North Muskegon Public Schools,48.2,96.28,0.0,81042,11.64,55
816,61230,2016-2017,North Muskegon Public Schools,50.6,95.73,0.0,81042,9.86,55
817,61230,2017-2018,North Muskegon Public Schools,54.8,93.91,0.0,81042,11.04,55
818,61230,2018-2019,North Muskegon Public Schools,62.7,95.31,0.0,81042,11.13,55
819,61230,2020-2021,North Muskegon Public Schools,50.0,96.56,0.0,81042,13.11,55
820,62040,2015-2016,Fremont Public School District,38.8,95.17,4.0,55744,6.81,639
821,62040,2016-2017,Fremont Public School District,45.2,94.54,2.38,55744,6.91,639
822,62040,2017-2018,Fremont Public School District,31.3,93.92,5.56,55744,8.84,639
823,62040,2018-2019,Fremont Public School District,43.7,94.39,0.71,55744,11.2,639
824,62040,2020-2021,Fremont Public School District,30.0,93.77,0.81,55744,17.19,639
825,62050,2015-2016,Grant Public School District,26.2,94.90,5.05,56419,15.54,574
826,62050,2016-2017,Grant Public School District,29.9,94.80,6.19,56419,16.44,574
827,62050,2017-2018,Grant Public School District,27.9,94.16,1.0,56419,18.8,574
828,62050,2018-2019,Grant Public School District,37.1,93.64,1.94,56419,17.05,574
829,62050,2020-2021,Grant Public School District,35.2,86.73,1.01,56419,17.0,574
830,62060,2015-2016,Hesperia Community Schools,11.5,94.15,0.0,46429,10.97,533
831,62060,2016-2017,Hesperia Community Schools,20.0,94.01,5.41,46429,8.8,533
832,62060,2017-2018,Hesperia Community Schools,40.3,91.47,0.0,46429,11.69,533
833,62060,2018-2019,Hesperia Community Schools,21.9,91.68,0.0,46429,11.01,533
834,62060,2020-2021,Hesperia Community Schools,17.9,91.04,2.86,46429,11.73,533
835,62070,2015-2016,Newaygo Public School District,31.5,95.86,1.03,51762,15.31,846
836,62070,2016-2017,Newaygo Public School District,34.3,95.91,2.02,51762,13.75,846
837,62070,2017-2018,Newaygo Public School District,36.4,94.60,0.0,51762,13.19,846
838,62070,2018-2019,Newaygo Public School District,34.5,95.02,0.0,51762,12.89,846
839,62070,2020-2021,Newaygo Public School District,26.4,92.90,0.0,51762,22.63,846
840,63020,2015-2016,Ferndale Public Schools,25.9,94.89,0.0,78794,8.49,560
841,63020,2016-2017,Ferndale Public Schools,28.0,94.46,0.51,78794,16.3,560
842,63020,2017-2018,Ferndale Public Schools,20.6,93.13,0.51,78794,18.5,560
843,63020,2018-2019,Ferndale Public Schools,32.7,92.84,0.0,78794,19.99,560
844,63020,2020-2021,Ferndale Public Schools,14.9,97.87,0.0,78794,24.04,560
845,63030,2015-2016,Pontiac City School District,2.5,90.34,10.47,39914,-42.19,8364
846,63030,2016-2017,Pontiac City School District,7.1,90.72,4.95,39914,-40.15,8364
847,63030,2017-2018,Pontiac City School District,8.1,87.29,1.82,39914,-11.62,8364
848,63030,2018-2019,Pontiac City School District,10.1,87.64,4.8,39914,-9.51,8364
849,63030,2020-2021,Pontiac City School District,10.7,90.39,2.13,39914,14.41,8364
850,63050,2015-2016,Berkley School District,50.9,95.77,0.44,92673,4.86,743
851,63050,2016-2017,Berkley School District,47.9,95.11,0.77,92673,8.1,743
852,63050,2017-2018,Berkley School District,44.4,94.61,0.0,92673,9.01,743
853,63050,2018-2019,Berkley School District,55.8,94.20,0.0,92673,9.33,743
854,63050,2020-2021,Berkley School District,34.1,98.83,0.0,92673,12.93,743
855,63060,2015-2016,Southfield Public School District,37.65,94.22,1.05,59573,15.05,2548
856,63060,2016-2017,Southfield Public School District,23.35,93.99,0.24,59573,16.4,2548
857,63060,2017-2018,Southfield Public School District,27.45,91.52,0.0,59573,19.44,2548
858,63060,2018-2019,Southfield Public School District,39.1,91.02,1.73,59573,18.34,2548
859,63060,2020-2021,Southfield Public School District,32.0,98.51,1.29,59573,18.08,2548
860,63070,2015-2016,Avondale School District,52.0,95.87,0.0,86321,2.6,647
861,63070,2016-2017,Avondale School District,48.9,95.45,0.0,86321,5.08,647
862,63070,2017-2018,Avondale School District,31.4,93.98,0.51,86321,10.42,647
863,63070,2018-2019,Avondale School District,41.1,93.74,0.98,86321,13.96,647
864,63070,2020-2021,Avondale School District,36.4,80.87,1.47,86321,21.38,647
865,63090,2015-2016,Clarenceville School District,25.2,94.63,0.9,56201,13.76,433
866,63090,2016-2017,Clarenceville School District,30.8,93.99,0.0,56201,12.95,433
867,63090,2017-2018,Clarenceville School District,23.0,92.90,2.59,56201,13.12,433
868,63090,2018-2019,Clarenceville School District,23.8,92.48,3.45,56201,18.75,433
869,63090,2020-2021,Clarenceville School District,9.1,90.05,1.61,56201,32.14,433
870,63100,2015-2016,Novi Community School District,74.2,96.67,0.23,105424,13.29,334
871,63100,2016-2017,Novi Community School District,66.9,96.69,0.68,105424,14.22,334
872,63100,2017-2018,Novi Community School District,72.8,96.27,0.2,105424,15.79,334
873,63100,2018-2019,Novi Community School District,75.9,96.38,0.0,105424,16.11,334
874,63100,2020-2021,Novi Community School District,79.8,99.08,0.0,105424,19.73,334
875,63150,2015-2016,Troy School District,67.175,97.78,0.23,106505,15.41,692
876,63150,2016-2017,Troy School District,66.5,96.03,0.12,106505,16.95,692
877,63150,2017-2018,Troy School District,66.925,96.76,0.0,106505,16.81,692
878,63150,2018-2019,Troy School District,74.875,96.08,0.11,106505,16.59,692
879,63150,2020-2021,Troy School District,70.625,98.65,0.0,106505,20.42,692
880,63160,2015-2016,West Bloomfield School District,43.150000000000006,93.78,0.0,104342,9.5,436
881,63160,2016-2017,West Bloomfield School District,41.9,94.12,0.0,104342,13.92,436
882,63160,2017-2018,West Bloomfield School District,39.5,92.49,0.0,104342,15.81,436
883,63160,2018-2019,West Bloomfield School District,44.0,93.17,0.53,104342,17.37,436
884,63160,2020-2021,West Bloomfield School District,47.9,91.35,0.43,104342,19.22,436
885,63200,2015-2016,Farmington Public School District,46.25,95.64,0.0,86757,9.38,909
886,63200,2016-2017,Farmington Public School District,45.43333333333334,95.25,0.31,86757,11.29,909
887,63200,2017-2018,Farmington Public School District,45.6,94.66,0.0,86757,11.47,909
888,63200,2018-2019,Farmington Public School District,49.73333333333333,94.47,0.0,86757,13.39,909
889,63200,2020-2021,Farmington Public School District,42.666666666666664,96.92,0.27,86757,23.75,909
890,63210,2015-2016,Holly Area School District,17.6,94.65,0.52,72845,4.59,1373
891,63210,2016-2017,Holly Area School District,17.6,94.02,0.0,72845,6.73,1373
892,63210,2017-2018,Holly Area School District,29.8,92.93,1.53,72845,7.72,1373
893,63210,2018-2019,Holly Area School District,40.1,93.65,0.96,72845,9.34,1373
894,63210,2020-2021,Holly Area School District,16.0,90.94,0.0,72845,16.57,1373
895,63220,2015-2016,Huron Valley Schools,43.76666666666667,95.13,1.17,92188,11.46,1359
896,63220,2016-2017,Huron Valley Schools,41.06666666666667,94.81,0.98,92188,6.9,1359
897,63220,2017-2018,Huron Valley Schools,40.766666666666666,94.17,0.18,92188,5.53,1359
898,63220,2018-2019,Huron Valley Schools,61.833333333333336,93.97,0.19,92188,4.59,1359
899,63220,2020-2021,Huron Valley Schools,45.56666666666666,94.83,0.0,92188,10.65,1359
900,63230,2015-2016,Lake Orion Community Schools,59.199999999999996,96.54,0.66,98243,7.54,530
901,63230,2016-2017,Lake Orion Community Schools,60.166666666666664,96.00,0.0,98243,9.14,530
902,63230,2017-2018,Lake Orion Community Schools,65.3,95.44,0.0,98243,9.47,530
903,63230,2018-2019,Lake Orion Community Schools,67.8,95.34,0.22,98243,9.35,530
904,63230,2020-2021,Lake Orion Community Schools,52.76666666666667,95.43,0.0,98243,10.01,530
905,63240,2015-2016,South Lyon Community Schools,65.30000000000001,95.90,0.0,93684,11.25,1126
906,63240,2016-2017,South Lyon Community Schools,53.0,95.50,0.0,93684,9.09,1126
907,63240,2017-2018,South Lyon Community Schools,50.3,95.21,0.2,93684,7.05,1126
908,63240,2018-2019,South Lyon Community Schools,70.5,95.21,0.19,93684,9.1,1126
909,63240,2020-2021,South Lyon Community Schools,48.650000000000006,94.80,0.12,93684,15.6,1126
910,63260,2015-2016,Rochester Community School District,66.025,96.61,0.71,108151,14.34,790
911,63260,2016-2017,Rochester Community School District,67.9,96.51,0.35,108151,18.24,790
912,63260,2017-2018,Rochester Community School District,67.175,95.97,0.0,108151,18.96,790
913,63260,2018-2019,Rochester Community School District,68.8,95.82,0.0,108151,21.73,790
914,63260,2020-2021,Rochester Community School District,55.075,98.03,0.0,108151,21.86,790
915,63280,2015-2016,Lamphere Public Schools,23.2,95.69,0.49,55514,12.36,804
916,63280,2016-2017,Lamphere Public Schools,23.2,95.35,1.03,55514,13.48,804
917,63280,2017-2018,Lamphere Public Schools,19.0,95.06,0.55,55514,11.59,804
918,63280,2018-2019,Lamphere Public Schools,37.0,94.50,0.53,55514,13.8,804
919,63280,2020-2021,Lamphere Public Schools,29.2,93.18,0.5,55514,20.23,804
920,63290,2015-2016,Walled Lake Consolidated Schools,41.8,95.73,0.0,77454,6.23,2206
921,63290,2016-2017,Walled Lake Consolidated Schools,48.35,95.60,0.0,77454,7.54,2206
922,63290,2017-2018,Walled Lake Consolidated Schools,54.075,94.89,0.0,77454,7.62,2206
923,63290,2018-2019,Walled Lake Consolidated Schools,57.175,94.84,0.0,77454,7.1,2206
924,63290,2020-2021,Walled Lake Consolidated Schools,48.675,95.66,0.0,77454,13.71,2206
925,63300,2015-2016,Waterford School District,20.55,95.77,0.99,63446,3.3,2745
926,63300,2016-2017,Waterford School District,20.0,95.07,0.85,63446,5.18,2745
927,63300,2017-2018,Waterford School District,21.6,94.06,0.88,63446,7.44,2745
928,63300,2018-2019,Waterford School District,32.25,93.79,0.7,63446,10.02,2745
929,63300,2020-2021,Waterford School District,36.15,85.58,0.82,63446,20.58,2745
930,64040,2015-2016,Hart Public School District,23.7,93.64,0.0,48214,14.23,401
931,64040,2016-2017,Hart Public School District,44.2,93.06,3.57,48214,14.2,401
932,64040,2017-2018,Hart Public School District,38.6,92.70,0.0,48214,14.68,401
933,64040,2018-2019,Hart Public School District,40.6,92.15,0.0,48214,20.77,401
934,64040,2020-2021,Hart Public School District,25.0,89.86,0.0,48214,27.35,401
935,64080,2015-2016,Shelby Public Schools,11.5,96.48,0.0,51174,15.54,458
936,64080,2016-2017,Shelby Public Schools,17.8,94.07,1.06,51174,14.31,458
937,64080,2017-2018,Shelby Public Schools,22.2,94.00,0.0,51174,15.28,458
938,64080,2018-2019,Shelby Public Schools,33.0,92.05,1.09,51174,14.5,458
939,64080,2020-2021,Shelby Public Schools,15.8,94.02,0.0,51174,19.67,458
940,65045,2015-2016,West Branch-Rose City Area Schools,30.5,94.38,0.9,45607,21.14,815
941,65045,2016-2017,West Branch-Rose City Area Schools,46.2,93.33,0.0,45607,27.69,815
942,65045,2017-2018,West Branch-Rose City Area Schools,38.2,92.14,4.27,45607,37.09,815
943,65045,2018-2019,West Branch-Rose City Area Schools,40.9,94.99,3.39,45607,34.81,815
944,65045,2020-2021,West Branch-Rose City Area Schools,23.1,89.25,0.4,45607,41.5,815
945,67020,2015-2016,Evart Public Schools,39.4,95.29,3.39,42475,14.43,372
946,67020,2016-2017,Evart Public Schools,51.4,95.01,3.23,42475,14.47,372
947,67020,2017-2018,Evart Public Schools,35.5,93.56,0.0,42475,20.71,372
948,67020,2018-2019,Evart Public Schools,19.7,93.00,1.72,42475,24.93,372
949,67020,2020-2021,Evart Public Schools,36.2,86.18,1.59,42475,30.55,372
950,67060,2015-2016,Reed City Area Public Schools,19.4,95.96,0.0,47724,15.51,495
951,67060,2016-2017,Reed City Area Public Schools,17.1,95.53,4.44,47724,17.2,495
952,67060,2017-2018,Reed City Area Public Schools,32.5,96.14,2.11,47724,18.69,495
953,67060,2018-2019,Reed City Area Public Schools,33.9,96.62,1.11,47724,23.21,495
954,67060,2020-2021,Reed City Area Public Schools,40.0,88.94,0.0,47724,32.96,495
955,69020,2015-2016,Gaylord Community Schools,43.3,94.68,2.76,56269,23.74,1181
956,69020,2016-2017,Gaylord Community Schools,41.1,94.54,1.66,56269,21.45,1181
957,69020,2017-2018,Gaylord Community Schools,47.8,94.53,1.65,56269,22.26,1181
958,69020,2018-2019,Gaylord Community Schools,43.1,93.89,0.0,56269,20.35,1181
959,69020,2020-2021,Gaylord Community Schools,43.8,92.76,0.35,56269,21.83,1181
960,70010,2015-2016,Grand Haven Area Public Schools,49.1,95.46,1.52,66706,8.84,1801
961,70010,2016-2017,Grand Haven Area Public Schools,65.9,95.34,0.0,66706,10.09,1801
962,70010,2017-2018,Grand Haven Area Public Schools,47.2,94.52,0.25,66706,10.63,1801
963,70010,2018-2019,Grand Haven Area Public Schools,59.9,95.16,0.26,66706,11.8,1801
964,70010,2020-2021,Grand Haven Area Public Schools,50.1,87.34,0.0,66706,13.39,1801
965,70070,2015-2016,West Ottawa Public School District,39.3,95.79,0.43,71606,19.21,2363
966,70070,2016-2017,West Ottawa Public School District,34.35,95.59,3.64,71606,21.71,2363
967,70070,2017-2018,West Ottawa Public School District,31.3,93.61,1.07,71606,22.69,2363
968,70070,2018-2019,West Ottawa Public School District,38.599999999999994,93.65,0.42,71606,21.62,2363
969,70070,2020-2021,West Ottawa Public School District,36.85,92.85,0.19,71606,26.17,2363
970,70190,2015-2016,Hudsonville Public School District,64.3,96.82,0.0,89124,14.51,1266
971,70190,2016-2017,Hudsonville Public School District,67.35,96.52,0.25,89124,14.52,1266
972,70190,2017-2018,Hudsonville Public School District,63.55,96.38,0.47,89124,13.46,1266
973,70190,2018-2019,Hudsonville Public School District,67.6,95.56,0.44,89124,15.45,1266
974,70190,2020-2021,Hudsonville Public School District,54.25,95.29,0.18,89124,21.22,1266
975,70300,2015-2016,Spring Lake Public Schools,72.2,96.73,0.0,81333,9.72,62
976,70300,2016-2017,Spring Lake Public Schools,67.8,96.59,0.0,81333,9.59,62
977,70300,2017-2018,Spring Lake Public Schools,68.1,94.68,0.0,81333,9.57,62
978,70300,2018-2019,Spring Lake Public Schools,77.3,94.69,0.6,81333,8.98,62
979,70300,2020-2021,Spring Lake Public Schools,68.9,94.83,1.25,81333,12.36,62
980,70350,2015-2016,Zeeland Public Schools,47.95,96.49,0.25,78911,4.04,1021
981,70350,2016-2017,Zeeland Public Schools,51.75,96.19,0.0,78911,6.91,1021
982,70350,2017-2018,Zeeland Public Schools,53.2,95.25,0.0,78911,9.24,1021
983,70350,2018-2019,Zeeland Public Schools,55.65,95.62,0.0,78911,13.09,1021
984,70350,2020-2021,Zeeland Public Schools,37.15,96.51,0.15,78911,17.22,1021
990,73040,2015-2016,Saginaw Township Community Schools,27.2,93.88,0.37,55472,21.24,1174
991,73040,2016-2017,Saginaw Township Community Schools,25.4,93.51,0.0,55472,20.95,1174
992,73040,2017-2018,Saginaw Township Community Schools,25.7,93.11,0.0,55472,19.3,1174
993,73040,2018-2019,Saginaw Township Community Schools,33.3,92.95,0.35,55472,20.85,1174
994,73040,2020-2021,Saginaw Township Community Schools,28.4,92.29,0.38,55472,19.89,1174
995,73110,2015-2016,Chesaning Union Schools,47.4,93.49,0.0,51139,9.38,530
996,73110,2016-2017,Chesaning Union Schools,46.4,93.91,0.0,51139,8.81,530
997,73110,2017-2018,Chesaning Union Schools,42.7,93.07,1.85,51139,9.47,530
998,73110,2018-2019,Chesaning Union Schools,45.3,93.16,1.12,51139,10.55,530
999,73110,2020-2021,Chesaning Union Schools,54.9,92.94,0.0,51139,16.56,530
1000,73180,2015-2016,Bridgeport-Spaulding Community School District,2.5,91.55,0.0,39366,-3.47,1254
1001,73180,2016-2017,Bridgeport-Spaulding Community School District,2.5,92.02,0.0,39366,3.48,1254
1002,73180,2017-2018,Bridgeport-Spaulding Community School District,2.5,90.00,0.0,39366,7.82,1254
1003,73180,2018-2019,Bridgeport-Spaulding Community School District,12.4,89.02,6.02,39366,8.69,1254
1004,73180,2020-2021,Bridgeport-Spaulding Community School District,6.7,95.33,5.13,39366,22.45,1254
1005,73190,2015-2016,Frankenmuth School District,53.5,96.68,0.0,77599,38.48,88
1006,73190,2016-2017,Frankenmuth School District,52.2,96.39,0.0,77599,40.16,88
1007,73190,2017-2018,Frankenmuth School District,58.3,96.15,0.0,77599,38.13,88
1008,73190,2018-2019,Frankenmuth School District,51.6,96.15,0.0,77599,37.88,88
1009,73190,2020-2021,Frankenmuth School District,44.7,88.14,0.0,77599,40.73,88
1010,73200,2015-2016,Freeland Community School District,44.3,96.42,0.0,81273,20.87,235
1011,73200,2016-2017,Freeland Community School District,44.4,95.89,0.0,81273,21.13,235
1012,73200,2017-2018,Freeland Community School District,48.7,95.35,0.0,81273,19.87,235
1013,73200,2018-2019,Freeland Community School District,53.5,95.60,0.5,81273,22.05,235
1014,73200,2020-2021,Freeland Community School District,53.3,93.41,0.36,81273,23.85,235
1015,73210,2015-2016,Hemlock Public School District,28.7,96.59,0.0,64957,10.38,187
1016,73210,2016-2017,Hemlock Public School District,44.7,96.19,0.0,64957,15.51,187
1017,73210,2017-2018,Hemlock Public School District,26.6,96.24,0.0,64957,17.72,187
1018,73210,2018-2019,Hemlock Public School District,56.8,95.85,1.35,64957,23.38,187
1019,73210,2020-2021,Hemlock Public School District,30.7,90.55,1.25,64957,29.21,187
1020,73230,2015-2016,Merrill Community Schools,38.6,95.47,0.0,58476,12.1,328
1021,73230,2016-2017,Merrill Community Schools,32.7,94.83,3.92,58476,9.84,328
1022,73230,2017-2018,Merrill Community Schools,17.4,95.27,1.89,58476,4.43,328
1023,73230,2018-2019,Merrill Community Schools,39.0,94.99,0.0,58476,9.21,328
1024,73230,2020-2021,Merrill Community Schools,17.9,94.57,0.0,58476,21.0,328
1035,74010,2015-2016,Port Huron Area School District,22.0,94.57,0.52,50243,8.09,5208
1036,74010,2016-2017,Port Huron Area School District,25.2,93.52,0.0,50243,9.38,5208
1037,74010,2017-2018,Port Huron Area School District,17.0,92.80,1.9,50243,10.48,5208
1038,74010,2018-2019,Port Huron Area School District,30.899999999999995,92.38,0.0,50243,12.98,5208
1039,74010,2020-2021,Port Huron Area School District,25.0,96.18,0.46,50243,24.09,5208
1040,74050,2015-2016,East China School District,34.45,95.94,0.0,67044,10.31,833
1041,74050,2016-2017,East China School District,39.05,95.56,1.14,67044,10.38,833
1042,74050,2017-2018,East China School District,38.349999999999994,95.28,0.34,67044,9.03,833
1043,74050,2018-2019,East China School District,45.55,95.15,0.0,67044,9.76,833
1044,74050,2020-2021,East China School District,35.400000000000006,93.56,0.0,67044,15.92,833
1045,74100,2015-2016,Marysville Public Schools,39.0,96.29,0.7,58891,12.87,633
1046,74100,2016-2017,Marysville Public Schools,33.3,95.54,1.38,58891,13.31,633
1047,74100,2017-2018,Marysville Public Schools,48.0,95.46,0.0,58891,12.39,633
1048,74100,2018-2019,Marysville Public Schools,51.8,95.17,0.0,58891,14.82,633
1049,74100,2020-2021,Marysville Public Schools,40.0,95.96,0.0,58891,35.4,633
1050,75010,2015-2016,Sturgis Public Schools,30.2,92.10,1.0,47554,15.38,1161
1051,75010,2016-2017,Sturgis Public Schools,33.7,95.55,0.0,47554,13.14,1161
1052,75010,2017-2018,Sturgis Public Schools,28.6,93.00,0.0,47554,14.35,1161
1053,75010,2018-2019,Sturgis Public Schools,23.4,94.66,0.0,47554,18.91,1161
1054,75010,2020-2021,Sturgis Public Schools,17.3,90.13,0.0,47554,22.85,1161
1055,75050,2015-2016,Constantine Public School District,27.7,91.97,6.19,64375,13.22,492
1056,75050,2016-2017,Constantine Public School District,21.6,92.60,3.45,64375,22.51,492
1057,75050,2017-2018,Constantine Public School District,23.7,91.07,2.11,64375,22.51,492
1058,75050,2018-2019,Constantine Public School District,28.7,93.06,2.84,64375,26.2,492
1059,75050,2020-2021,Constantine Public School District,20.5,90.28,1.8,64375,41.29,492
1060,75060,2015-2016,Mendon Community School District,13.0,98.50,0.0,57438,10.4,75
1061,75060,2016-2017,Mendon Community School District,13.0,98.25,0.0,57438,11.59,75
1062,75060,2017-2018,Mendon Community School District,16.7,91.78,3.85,57438,8.7,75
1063,75060,2018-2019,Mendon Community School District,41.7,93.79,7.89,57438,12.21,75
1064,75060,2020-2021,Mendon Community School District,22.5,93.18,0.0,57438,36.2,75
1065,75080,2015-2016,Three Rivers Community Schools,12.0,94.56,1.22,54078,18.3,1085
1066,75080,2016-2017,Three Rivers Community Schools,13.6,94.33,1.25,54078,19.34,1085
1067,75080,2017-2018,Three Rivers Community Schools,18.4,94.15,1.46,54078,21.73,1085
1068,75080,2018-2019,Three Rivers Community Schools,27.5,94.75,0.0,54078,15.64,1085
1069,75080,2020-2021,Three Rivers Community Schools,26.5,88.92,0.35,54078,11.64,1085
1070,77010,2015-2016,Manistique Area Schools,18.6,94.92,0.0,47468,7.0,348
1071,77010,2016-2017,Manistique Area Schools,20.3,93.32,1.82,47468,9.72,348
1072,77010,2017-2018,Manistique Area Schools,15.7,93.84,0.0,47468,13.73,348
1073,77010,2018-2019,Manistique Area Schools,50.0,92.82,0.0,47468,18.06,348
1074,77010,2020-2021,Manistique Area Schools,34.3,93.40,0.84,47468,32.8,348
1075,78020,2015-2016,Byron Area Schools,31.4,95.67,0.0,70208,10.56,349
1076,78020,2016-2017,Byron Area Schools,26.9,96.54,5.26,70208,8.99,349
1077,78020,2017-2018,Byron Area Schools,33.3,95.22,0.0,70208,9.29,349
1078,78020,2018-2019,Byron Area Schools,46.2,95.29,3.51,70208,8.6,349
1079,78020,2020-2021,Byron Area Schools,29.6,94.39,1.89,70208,16.44,349
1080,78110,2015-2016,Owosso Public Schools,14.3,94.32,1.12,46052,13.35,1522
1081,78110,2016-2017,Owosso Public Schools,14.4,93.93,0.55,46052,13.22,1522
1082,78110,2017-2018,Owosso Public Schools,16.9,92.70,2.06,46052,11.55,1522
1083,78110,2018-2019,Owosso Public Schools,33.9,92.32,0.52,46052,14.69,1522
1084,78110,2020-2021,Owosso Public Schools,22.4,88.27,0.0,46052,17.99,1522
1085,79020,2015-2016,Caro Community Schools,27.1,95.17,3.85,48901,26.96,551
1086,79020,2016-2017,Caro Community Schools,23.0,95.10,0.0,48901,26.09,551
1087,79020,2017-2018,Caro Community Schools,21.7,94.55,2.04,48901,29.87,551
1088,79020,2018-2019,Caro Community Schools,41.4,94.76,1.94,48901,29.46,551
1089,79020,2020-2021,Caro Community Schools,21.8,94.82,0.0,48901,35.38,551
1090,79090,2015-2016,Mayville Community School District,5.0,92.15,6.38,48608,5.21,414
1091,79090,2016-2017,Mayville Community School District,17.1,91.07,0.0,48608,8.12,414
1092,79090,2017-2018,Mayville Community School District,10.2,93.35,0.0,48608,11.36,414
1093,79090,2018-2019,Mayville Community School District,13.5,94.22,0.0,48608,16.77,414
1094,79090,2020-2021,Mayville Community School District,14.6,94.30,0.0,48608,33.5,414
1095,79110,2015-2016,Reese Public Schools,29.6,96.28,5.08,58152,14.61,275
1096,79110,2016-2017,Reese Public Schools,28.1,95.99,9.23,58152,15.07,275
1097,79110,2017-2018,Reese Public Schools,28.4,96.22,6.35,58152,15.15,275
1098,79110,2018-2019,Reese Public Schools,37.5,95.67,3.03,58152,16.08,275
1099,79110,2020-2021,Reese Public Schools,34.0,94.89,6.35,58152,17.74,275
1100,80010,2015-2016,South Haven Public Schools,38.3,94.82,3.52,50976,15.11,620
1101,80010,2016-2017,South Haven Public Schools,35.2,95.10,2.17,50976,16.33,620
1102,80010,2017-2018,South Haven Public Schools,27.9,92.80,1.25,50976,15.98,620
1103,80010,2018-2019,South Haven Public Schools,29.5,91.49,1.27,50976,15.93,620
1104,80010,2020-2021,South Haven Public Schools,18.1,94.70,0.0,50976,15.18,620
1105,80040,2015-2016,Covert Public Schools,10.0,94.31,0.0,31667,79.69,367
1106,80040,2016-2017,Covert Public Schools,10.0,94.52,3.7,31667,99.66,367
1107,80040,2017-2018,Covert Public Schools,10.0,91.29,0.0,31667,24.43,367
1108,80040,2018-2019,Covert Public Schools,28.0,91.54,6.67,31667,75.66,367
1109,80040,2020-2021,Covert Public Schools,10.0,46.38,0.0,31667,138.58,367
1110,80090,2015-2016,Bloomingdale Public School District,13.5,96.34,1.32,42052,8.13,754
1111,80090,2016-2017,Bloomingdale Public School District,6.8,96.57,2.7,42052,9.16,754
1112,80090,2017-2018,Bloomingdale Public School District,13.0,91.92,2.6,42052,10.04,754
1113,80090,2018-2019,Bloomingdale Public School District,14.3,93.03,0.0,42052,10.72,754
1114,80090,2020-2021,Bloomingdale Public School District,11.3,89.39,0.0,42052,20.62,754
1115,80140,2015-2016,Lawton Community School District,32.8,96.13,2.78,59667,30.05,298
1116,80140,2016-2017,Lawton Community School District,12.5,96.11,2.63,59667,30.37,298
1117,80140,2017-2018,Lawton Community School District,26.9,94.13,0.0,59667,29.22,298
1118,80140,2018-2019,Lawton Community School District,42.5,94.77,0.0,59667,29.23,298
1119,80140,2020-2021,Lawton Community School District,20.0,94.61,0.0,59667,34.81,298
1120,80150,2015-2016,Mattawan Consolidated School,44.8,96.06,1.02,96347,8.51,579
1121,80150,2016-2017,Mattawan Consolidated School,48.2,95.83,1.01,96347,8.68,579
1122,80150,2017-2018,Mattawan Consolidated School,41.4,94.88,0.66,96347,8.7,579
1123,80150,2018-2019,Mattawan Consolidated School,55.5,95.19,0.33,96347,11.15,579
1124,80150,2020-2021,Mattawan Consolidated School,47.4,94.10,0.29,96347,22.68,579
1125,8030,2015-2016,Hastings Area School District,28.0,95.72,2.55,57805,11.82,606
1126,8030,2016-2017,Hastings Area School District,23.0,94.84,0.0,57805,11.19,606
1127,8030,2017-2018,Hastings Area School District,22.6,94.39,0.61,57805,11.87,606
1128,8030,2018-2019,Hastings Area School District,38.6,94.72,1.3,57805,12.47,606
1129,8030,2020-2021,Hastings Area School District,41.1,92.47,1.81,57805,15.29,606
1130,8050,2015-2016,Thornapple Kellogg School District,33.0,95.46,0.0,76915,10.65,642
1131,8050,2016-2017,Thornapple Kellogg School District,41.8,96.17,0.64,76915,11.19,642
1132,8050,2017-2018,Thornapple Kellogg School District,37.7,95.69,0.51,76915,11.24,642
1133,8050,2018-2019,Thornapple Kellogg School District,48.5,95.81,1.51,76915,12.02,642
1134,8050,2020-2021,Thornapple Kellogg School District,45.8,95.88,0.0,76915,16.53,642
1135,81010,2015-2016,Ann Arbor Public Schools,61.92,96.06,1.24,77242,10.21,2729
1136,81010,2016-2017,Ann Arbor Public Schools,63.08,95.47,0.91,77242,8.5,2729
1137,81010,2017-2018,Ann Arbor Public Schools,59.92,92.92,1.89,77242,7.19,2729
1138,81010,2018-2019,Ann Arbor Public Schools,64.22,94.40,1.16,77242,6.86,2729
1139,81010,2020-2021,Ann Arbor Public Schools,58.44,96.55,0.0,77242,8.41,2729
1140,81020,2015-2016,Ypsilanti Community Schools,27.6,93.73,1.52,45086,9.63,4913
1141,81020,2016-2017,Ypsilanti Community Schools,20.55,92.13,4.2,45086,11.67,4913
1142,81020,2017-2018,Ypsilanti Community Schools,20.2,91.30,7.69,45086,12.22,4913
1143,81020,2018-2019,Ypsilanti Community Schools,24.8,90.68,4.81,45086,10.75,4913
1144,81020,2020-2021,Ypsilanti Community Schools,10.0,79.64,2.04,45086,11.88,4913
1145,81040,2015-2016,Chelsea School District,51.6,96.25,0.0,83481,20.35,121
1146,81040,2016-2017,Chelsea School District,66.1,96.21,0.0,83481,19.64,121
1147,81040,2017-2018,Chelsea School District,58.5,94.89,0.0,83481,20.63,121
1148,81040,2018-2019,Chelsea School District,67.6,94.06,0.0,83481,20.39,121
1149,81040,2020-2021,Chelsea School District,73.6,94.33,0.0,83481,20.93,121
1150,81050,2015-2016,Dexter Community School District,59.4,96.27,0.42,117531,17.31,169
1151,81050,2016-2017,Dexter Community School District,53.9,96.83,0.0,117531,17.38,169
1152,81050,2017-2018,Dexter Community School District,61.3,95.79,0.3,117531,17.76,169
1153,81050,2018-2019,Dexter Community School District,71.4,95.83,0.0,117531,19.7,169
1154,81050,2020-2021,Dexter Community School District,53.8,97.57,0.0,117531,26.97,169
1155,81070,2015-2016,Lincoln Consolidated School District,28.1,93.58,0.53,82310,9.11,1277
1156,81070,2016-2017,Lincoln Consolidated School District,21.0,94.58,1.03,82310,12.55,1277
1157,81070,2017-2018,Lincoln Consolidated School District,24.9,94.60,0.47,82310,9.45,1277
1158,81070,2018-2019,Lincoln Consolidated School District,32.8,94.65,1.39,82310,9.48,1277
1159,81070,2020-2021,Lincoln Consolidated School District,21.8,87.82,1.23,82310,12.23,1277
1160,81100,2015-2016,Milan Area Schools,33.7,94.23,1.69,81599,12.53,411
1161,81100,2016-2017,Milan Area Schools,34.5,92.23,1.59,81599,14.74,411
1162,81100,2017-2018,Milan Area Schools,37.3,92.98,0.0,81599,18.83,411
1163,81100,2018-2019,Milan Area Schools,42.8,94.07,0.0,81599,20.59,411
1164,81100,2020-2021,Milan Area Schools,29.6,96.75,0.0,81599,23.48,411
1165,81120,2015-2016,Saline Area Schools,63.6,96.37,0.7,109317,5.77,519
1166,81120,2016-2017,Saline Area Schools,60.5,96.08,1.63,109317,5.7,519
1167,81120,2017-2018,Saline Area Schools,58.1,96.03,0.56,109317,4.72,519
1168,81120,2018-2019,Saline Area Schools,71.3,95.12,0.28,109317,4.63,519
1169,81120,2020-2021,Saline Area Schools,61.1,97.01,0.0,109317,15.64,519
1170,82020,2015-2016,Allen Park Public Schools,30.0,95.27,0.5,78304,6.1,648
1171,82020,2016-2017,Allen Park Public Schools,23.6,95.85,0.5,78304,3.47,648
1172,82020,2017-2018,Allen Park Public Schools,22.6,94.59,0.49,78304,3.5,648
1173,82020,2018-2019,Allen Park Public Schools,38.8,94.96,0.0,78304,10.86,648
1174,82020,2020-2021,Allen Park Public Schools,29.1,95.06,0.0,78304,13.42,648
1175,82030,2015-2016,Dearborn City School District,31.983333333333334,96.42,0.72,55445,6.98,14709
1176,82030,2016-2017,Dearborn City School District,43.41428571428571,96.37,0.86,55445,13.58,14709
1177,82030,2017-2018,Dearborn City School District,41.01428571428572,95.56,0.33,55445,13.52,14709
1178,82030,2018-2019,Dearborn City School District,49.357142857142854,95.36,0.58,55445,13.97,14709
1179,82030,2020-2021,Dearborn City School District,35.17142857142857,99.24,0.0,55445,12.91,14709
1190,82130,2015-2016,Romulus Community Schools,8.3,93.56,2.25,57640,9.18,2653
1191,82130,2016-2017,Romulus Community Schools,11.1,92.85,1.73,57640,11.44,2653
1192,82130,2017-2018,Romulus Community Schools,9.2,91.30,1.22,57640,14.75,2653
1193,82130,2018-2019,Romulus Community Schools,21.8,91.59,1.23,57640,13.16,2653
1194,82130,2020-2021,Romulus Community Schools,9.6,96.27,0.0,57640,17.69,2653
1195,82140,2015-2016,South Redford School District,19.4,95.00,1.97,63110,8.58,1974
1196,82140,2016-2017,South Redford School District,22.5,94.06,2.32,63110,13.42,1974
1197,82140,2017-2018,South Redford School District,21.5,91.30,0.95,63110,16.94,1974
1198,82140,2018-2019,South Redford School District,26.3,91.04,0.93,63110,18.97,1974
1199,82140,2020-2021,South Redford School District,12.5,95.82,0.0,63110,22.69,1974
1200,82150,2015-2016,Taylor School District,22.1,93.15,1.2,52008,1.11,5008
1201,82150,2016-2017,Taylor School District,18.45,88.64,1.53,52008,2.74,5008
1202,82150,2017-2018,Taylor School District,19.45,88.88,0.28,52008,2.85,5008
1203,82150,2018-2019,Taylor School District,23.549999999999997,88.24,1.01,52008,5.99,5008
1204,82150,2020-2021,Taylor School District,14.6,97.26,0.0,52008,12.36,5008
1205,82155,2015-2016,Trenton Public Schools,47.9,96.15,0.64,70365,17.92,468
1206,82155,2016-2017,Trenton Public Schools,46.3,96.19,0.0,70365,18.17,468
1207,82155,2017-2018,Trenton Public Schools,47.5,95.50,0.0,70365,17.75,468
1208,82155,2018-2019,Trenton Public Schools,46.1,95.30,0.0,70365,20.32,468
1209,82155,2020-2021,Trenton Public Schools,46.6,99.65,0.0,70365,18.78,468
1210,82160,2015-2016,Wayne-Westland Community School District,13.3,93.43,1.09,50980,4.87,6673
1211,82160,2016-2017,Wayne-Westland Community School District,13.3,92.82,1.25,50980,10.47,6673
1212,82160,2017-2018,Wayne-Westland Community School District,12.55,91.21,1.38,50980,15.42,6673
1213,82160,2018-2019,Wayne-Westland Community School District,18.85,91.04,0.27,50980,20.31,6673
1214,82160,2020-2021,Wayne-Westland Community School District,10.633333333333333,98.73,0.34,50980,20.03,6673
1215,82180,2015-2016,Flat Rock Community Schools,29.7,94.09,0.0,65556,18.83,845
1216,82180,2016-2017,Flat Rock Community Schools,23.0,93.50,0.0,65556,24.5,845
1217,82180,2017-2018,Flat Rock Community Schools,18.0,92.23,1.9,65556,27.68,845
1218,82180,2018-2019,Flat Rock Community Schools,29.5,91.59,0.94,65556,33.06,845
1219,82180,2020-2021,Flat Rock Community Schools,24.6,95.07,0.0,65556,44.84,845
1225,82290,2015-2016,Gibraltar School District,27.2,95.65,0.99,72696,3.62,836
1226,82290,2016-2017,Gibraltar School District,27.0,95.78,0.53,72696,14.46,836
1227,82290,2017-2018,Gibraltar School District,26.4,94.94,0.0,72696,21.68,836
1228,82290,2018-2019,Gibraltar School District,49.8,93.69,0.4,72696,29.09,836
1229,82290,2020-2021,Gibraltar School District,43.9,97.22,0.37,72696,34.33,836
1230,82300,2015-2016,Grosse Ile Township Schools,36.2,96.12,0.9,112159,-0.77,104
1231,82300,2016-2017,Grosse Ile Township Schools,40.7,95.40,2.91,112159,7.96,104
1232,82300,2017-2018,Grosse Ile Township Schools,49.4,94.71,0.6,112159,14.0,104
1233,82300,2018-2019,Grosse Ile Township Schools,62.4,95.21,2.68,112159,20.15,104
1234,82300,2020-2021,Grosse Ile Township Schools,50.5,99.56,0.0,112159,22.12,104
1235,82365,2015-2016,Woodhaven-Brownstown School District,25.1,95.20,0.35,71494,3.52,1617
1236,82365,2016-2017,Woodhaven-Brownstown School District,20.1,94.94,0.0,71494,8.26,1617
1237,82365,2017-2018,Woodhaven-Brownstown School District,26.8,94.44,0.0,71494,13.89,1617
1238,82365,2018-2019,Woodhaven-Brownstown School District,37.2,94.28,0.0,71494,17.03,1617
1239,82365,2020-2021,Woodhaven-Brownstown School District,45.2,98.78,0.0,71494,23.38,1617
1240,82390,2015-2016,Northville Public Schools,67.6,96.17,0.44,138159,26.17,363
1241,82390,2016-2017,Northville Public Schools,70.6,96.35,0.42,138159,26.64,363
1242,82390,2017-2018,Northville Public Schools,69.4,95.85,0.0,138159,30.96,363
1243,82390,2018-2019,Northville Public Schools,82.4,95.71,1.09,138159,33.19,363
1244,82390,2020-2021,Northville Public Schools,69.75,99.38,0.0,138159,31.32,363
1245,82400,2015-2016,Riverview Community School District,24.4,95.08,0.0,59905,8.21,250
1246,82400,2016-2017,Riverview Community School District,21.2,94.58,0.67,59905,8.71,250
1247,82400,2017-2018,Riverview Community School District,21.8,93.70,0.0,59905,10.04,250
1248,82400,2018-2019,Riverview Community School District,41.5,93.49,1.86,59905,12.02,250
1249,82400,2020-2021,Riverview Community School District,34.3,92.32,0.0,59905,19.49,250
1250,82405,2015-2016,Southgate Community School District,16.7,93.32,3.36,59597,1.0,1249
1251,82405,2016-2017,Southgate Community School District,18.5,93.46,1.14,59597,5.67,1249
1252,82405,2017-2018,Southgate Community School District,19.6,92.81,0.77,59597,5.14,1249
1253,82405,2018-2019,Southgate Community School District,30.2,92.99,0.41,59597,7.09,1249
1254,82405,2020-2021,Southgate Community School District,30.3,97.45,1.27,59597,15.37,1249
1255,82430,2015-2016,Van Buren Public Schools,22.2,94.21,3.83,64612,19.45,2576
1256,82430,2016-2017,Van Buren Public Schools,23.4,94.37,2.09,64612,21.73,2576
1257,82430,2017-2018,Van Buren Public Schools,21.2,92.70,2.08,64612,15.64,2576
1258,82430,2018-2019,Van Buren Public Schools,32.1,92.11,3.9,64612,17.42,2576
1259,82430,2020-2021,Van Buren Public Schools,26.5,97.35,2.56,64612,25.01,2576
1260,83060,2015-2016,Manton Consolidated Schools,42.3,95.45,0.0,45000,17.57,313
1261,83060,2016-2017,Manton Consolidated Schools,27.8,95.34,0.0,45000,17.62,313
1262,83060,2017-2018,Manton Consolidated Schools,50.0,94.20,4.23,45000,17.01,313
1263,83060,2018-2019,Manton Consolidated Schools,38.7,93.73,0.0,45000,18.42,313
1264,83060,2020-2021,Manton Consolidated Schools,24.1,90.28,0.0,45000,16.11,313
1265,9010,2015-2016,Bay City School District,25.85,94.56,0.9,46901,5.71,3766
1266,9010,2016-2017,Bay City School District,23.299999999999997,95.63,0.45,46901,8.86,3766
1267,9010,2017-2018,Bay City School District,23.450000000000003,91.98,0.67,46901,11.03,3766
1268,9010,2018-2019,Bay City School District,36.95,91.76,0.22,46901,16.23,3766
1269,9010,2020-2021,Bay City School District,29.799999999999997,97.77,0.0,46901,18.19,3766
1270,9030,2015-2016,Bangor Township Schools,31.6,95.47,0.0,46339,13.65,1217
1271,9030,2016-2017,Bangor Township Schools,28.8,94.93,0.73,46339,14.24,1217
1272,9030,2017-2018,Bangor Township Schools,29.2,94.58,0.0,46339,16.16,1217
1273,9030,2018-2019,Bangor Township Schools,40.5,95.94,0.0,46339,17.16,1217
1274,9030,2020-2021,Bangor Township Schools,33.3,92.63,0.0,46339,22.31,1217
1275,9090,2015-2016,Pinconning Area Schools,28.4,94.38,0.0,57868,10.86,492
1276,9090,2016-2017,Pinconning Area Schools,29.2,93.76,0.0,57868,12.01,492
1277,9090,2017-2018,Pinconning Area Schools,32.6,93.94,0.0,57868,11.57,492
1278,9090,2018-2019,Pinconning Area Schools,48.8,94.05,1.04,57868,12.96,492
1279,9090,2020-2021,Pinconning Area Schools,29.2,82.76,0.46,57868,21.99,492
