SchoolDistrict,Estimate Total,Estimate Total White alone,Estimate Total Black or African American alone,Estimate Total American Indian and Alaska Native alone,Estimate Total Asian alone,Estimate Total Native Hawaiian and Other Pacific Islander alone,Estimate Total Some other race alone,Estimate Median household income in the past 12 months (in 2018 inflation-adjusted dollars),Estimate Total Enrolled in school Enrolled in grade 1 to grade 4,Estimate Total Enrolled in school Enrolled in grade 5 to grade 8,Estimate Total Enrolled in school Enrolled in grade 9 to grade 12,Estimate Total Regular high school diploma,Estimate Total Bachelor's degree,Estimate Total Master's degree,Estimate Median age -- Total,Estimate Median age -- Male,Estimate Median age -- Female,"Estimate Total Living in household with Supplemental Security Income (SSI), cash public assistance income, or Food Stamps/SNAP in the past 12 months",Estimate Total Family households
L'Anse Area Schools,4671,3926,61,357,8,0,22,41692,282,195,307,1216,382,128,47.9,47.9,48.0,269,1200
Superior Central Schools,2107,2010,5,63,0,0,1,53750,55,120,150,619,181,55,54.4,57.4,50.4,74,564
Adams Township School District,2835,2725,0,0,34,0,0,47667,160,173,154,532,205,102,33.0,32.6,33.9,228,600
Addison Community Schools,7622,7443,30,11,24,0,0,57719,209,336,434,1753,1122,317,50.8,49.6,51.7,199,2322
Adrian City School District,29587,26579,1195,113,76,0,749,46462,1592,1262,1496,6077,2744,1024,36.7,34.4,40.2,2141,6802
Airport Community School District,19736,18426,661,125,104,0,173,63069,991,855,1197,4545,1304,599,41.7,39.4,42.9,983,5340
Akron-Fairgrove Schools,3013,2834,32,39,5,0,16,45891,131,162,211,742,213,43,40.3,39.6,41.5,237,821
Alba Public Schools,1230,1203,5,0,7,0,0,48370,30,62,66,410,85,36,47.5,50.1,47.1,40,387
Alcona Community Schools,6789,6576,25,34,19,8,21,40594,192,234,218,1819,606,275,58.1,56.2,58.9,354,2007
Algonac Community School District,14946,14560,7,60,143,12,83,59440,683,583,497,3376,1222,710,50.0,49.1,51.4,589,4247
North Huron School District,4375,4298,0,8,3,0,4,45275,208,143,195,1306,324,151,55.3,54.6,56.0,192,1287
North Adams-Jerome Schools,3275,3183,0,12,22,0,14,42374,93,183,208,817,174,55,44.8,46.9,44.1,156,960
Martin Public Schools,4625,4529,28,0,0,0,11,58938,254,201,256,1151,414,147,41.9,41.7,43.2,154,1280
Marysville Public Schools,14525,13851,65,39,95,0,92,64603,616,647,821,2925,1543,542,43.9,44.4,43.6,667,4089
Mason Public Schools,20195,18839,553,15,300,0,104,68267,1046,1125,1135,3179,2865,1192,40.0,39.1,40.5,475,5447
Mason Consolidated Schools,7375,7053,121,24,18,3,16,59183,286,612,313,1780,466,299,44.9,45.9,42.2,323,2103
Mason County Central Schools,7932,7505,123,64,66,0,2,50690,344,357,417,1724,680,259,44.7,43.8,45.7,626,2172
Mattawan Consolidated School,19031,17666,209,16,372,0,183,91449,981,1505,1207,2154,3219,1367,41.0,39.4,41.7,427,5550
Mayville Community School District,6538,6346,76,12,11,0,35,48649,305,381,368,1871,351,161,43.3,43.0,43.9,588,1863
McBain Rural Agricultural Schools,5720,5625,8,3,1,0,63,50777,357,367,301,1397,395,106,37.1,35.2,40.3,340,1523
Melvindale-North Allen Park School District,16847,12664,1801,52,419,0,884,48484,888,1022,986,3302,1042,439,34.9,33.4,35.7,1420,4038
Memphis Community Schools,5636,5391,35,0,0,0,162,65682,212,241,347,1253,436,170,44.0,42.6,46.0,189,1503
Mendon Community School District,3382,3318,22,13,9,6,0,62600,190,206,211,723,230,181,41.7,40.8,42.1,85,974
Menominee Area Public Schools,11904,11539,38,7,38,0,21,45187,442,471,631,3493,1152,439,48.1,46.9,50.0,558,3245
Meridian Public Schools,10483,10022,180,20,25,0,12,57262,431,302,537,2321,1101,609,47.6,47.6,47.6,518,3195
Merrill Community Schools,5140,4997,3,19,3,0,47,52321,299,364,250,1339,416,139,41.3,39.5,42.4,341,1466
Mesick Consolidated Schools,5149,4974,29,33,19,2,6,42787,217,240,281,1337,260,169,44.9,43.1,46.3,385,1370
Michigan Center School District,7750,7311,47,103,36,0,0,48163,214,416,289,1417,659,252,46.2,46.8,44.5,365,2212
Midland Public Schools,52977,48519,932,289,1819,58,265,62093,2667,2652,2924,7805,8855,4031,40.2,38.3,42.4,1799,14242
Mid Peninsula School District,1727,1621,2,43,3,1,0,53368,55,76,69,522,150,46,49.7,50.0,49.5,39,507
Milan Area Schools,16621,13803,1870,158,127,1,131,72948,550,782,999,2857,1491,789,40.2,42.8,38.3,369,3412
Millington Community Schools,8890,8544,30,34,118,0,29,54787,439,275,342,2558,570,228,46.7,46.5,47.0,400,2667
Mio-AuSable Schools,4955,4807,39,18,4,0,5,39813,198,126,234,1152,235,102,50.9,50.3,51.4,227,1402
Mona Shores Public School District,22862,20570,978,190,409,9,72,61948,1039,1152,1412,3464,3577,1368,44.0,42.1,46.3,1027,6363
Monroe Public Schools,47633,43754,2069,189,272,7,206,51473,2200,2286,2472,9729,3901,1852,41.1,40.5,41.9,3474,12401
Montague Area Public Schools,8719,8297,38,122,4,1,94,57024,384,464,560,1809,807,294,42.8,42.4,43.2,439,2414
Montrose Community Schools,7658,7287,140,28,10,0,35,53799,381,385,293,2022,582,176,44.3,41.3,46.3,514,2019
Morenci Area Schools,4288,4050,28,21,21,0,11,43387,246,275,306,1050,231,57,38.6,36.9,39.7,278,1118
Morley Stanwood Community Schools,9799,9540,54,12,28,7,9,45517,503,595,511,2348,638,309,39.6,39.0,40.7,681,2401
Morrice Area Schools,4702,4600,4,6,11,0,10,67204,243,311,330,953,407,148,41.8,39.3,44.0,149,1408
Mount Clemens Community School District,21601,14706,5748,100,66,0,122,43511,1086,816,1052,4306,1787,617,40.3,39.3,42.2,2072,5207
Mount Morris Consolidated School District,13110,11622,906,110,60,0,67,35712,493,589,605,3197,542,183,42.0,40.0,46.0,1127,3492
Mount Pleasant City School District,46218,39012,1792,1889,1159,8,344,38679,1432,1596,1492,4488,4031,2506,23.3,23.9,23.0,1806,7279
Munising Public Schools,5935,4801,672,215,8,0,12,42500,193,198,255,1312,461,195,44.2,38.0,51.5,224,1125
Muskegon City School District,37443,23875,10257,308,88,0,375,31160,1919,2083,1752,6476,2206,784,34.6,33.5,35.4,5052,8377
Muskegon Heights School District,10735,2127,7993,116,14,0,17,29245,678,642,608,1916,260,189,30.0,28.3,32.0,2162,2571
Napoleon Community Schools,8321,8015,123,14,0,0,94,54559,236,551,546,2032,1153,183,47.6,44.4,51.1,226,2441
Elkton-Pigeon-Bay Port Schools,6621,6473,26,13,18,0,28,46995,327,296,299,1913,550,175,46.2,44.2,48.5,211,1847
Bentley Community Schools,6140,5549,317,4,21,0,26,52379,383,312,309,1345,449,132,42.1,42.6,41.8,406,1627
Benton Harbor Area Schools,29932,11958,16234,37,114,20,676,31164,1949,1503,1595,5295,1502,824,36.2,34.3,38.7,4886,7473
Benzie County Central School,14657,14001,50,295,68,7,4,53704,544,847,712,3266,1590,815,47.4,47.0,47.8,684,3617
Berkley School District,27045,23779,1694,118,496,0,173,82217,1446,1400,1308,2559,5737,3300,37.8,36.5,40.2,653,6807
Berrien Springs Public Schools,12694,8508,2369,90,895,15,298,48036,553,589,519,1256,1918,1311,36.4,35.3,38.1,665,2752
Big Bay de Noc School District,2384,1985,1,170,7,0,4,44712,73,93,129,726,161,103,55.4,55.4,55.5,82,739
Big Rapids Public Schools,19431,17576,935,80,285,0,103,39300,704,736,828,2462,1476,806,24.3,23.8,25.6,1102,3395
Birch Run Area School District,9012,8761,112,0,8,0,7,59911,382,366,428,2048,713,238,44.7,43.4,45.5,408,2502
Birmingham City School District,57394,49434,4461,102,1692,21,175,125425,3297,3281,3743,2836,14352,9824,44.3,43.5,45.3,448,15861
Blissfield Community Schools,6745,6421,30,112,5,0,8,54087,357,296,409,1449,729,269,41.3,38.5,44.6,302,1725
Bloomfield Hills School District,38345,30732,2495,71,3834,0,252,130029,1972,2571,2136,2152,9023,6105,48.5,47.5,49.6,462,11259
Bloomingdale Public School District,7484,6109,489,14,0,0,727,42446,402,460,495,1727,518,137,39.1,38.8,39.3,551,1818
Boyne City Public Schools,8343,7980,53,75,55,22,3,58847,336,426,455,1435,1183,654,47.5,47.0,48.0,234,2358
Boyne Falls Public School District,2024,1915,12,32,0,0,0,50735,82,113,85,484,184,85,42.9,39.7,45.0,132,501
Brandon School District,17387,16816,127,4,121,0,69,85279,889,1163,1083,3096,1933,992,44.0,43.9,44.0,666,4847
Breckenridge Community Schools,5562,5425,0,9,4,13,34,53082,253,266,344,1619,398,146,42.3,39.5,43.3,344,1635
Breitung Township Schools,10759,10268,76,223,59,0,49,49416,488,435,562,2448,1315,552,49.0,46.5,51.4,547,3005
Bridgeport-Spaulding Community School District,16001,9324,5306,52,40,0,498,37518,724,732,753,3912,996,291,41.5,40.8,44.1,1858,4197
Remainder of Michigan,12822,12064,58,243,46,1,68,55429,599,649,711,2780,1330,636,46.9,46.6,47.3,668,3548
East Jordan Public Schools,7054,6731,25,47,42,0,70,50580,389,413,366,1772,679,343,46.4,47.1,45.3,425,2004
East Detroit Public Schools,38271,19110,16939,408,399,0,472,43603,2008,2614,2255,7541,2071,902,35.7,34.3,36.8,4296,9326
East Grand Rapids Public School District,12197,11564,163,50,107,0,71,133696,857,1029,817,312,3276,1835,39.0,36.8,40.7,63,3516
East Jackson Community Schools,7813,7561,121,5,10,0,11,44733,391,377,224,2180,625,78,45.6,45.4,45.8,583,2139
East Lansing School District,54370,40829,4040,145,6947,19,498,40170,815,748,792,1201,5362,4024,21.6,21.6,21.5,597,5779
Eaton Rapids Public Schools,17180,16285,379,60,136,0,116,62780,741,761,1098,3406,1319,680,46.1,46.0,46.2,826,4760
Eau Claire Public Schools,3815,3444,159,12,0,0,57,57643,153,196,160,798,330,196,45.9,45.5,46.2,362,1009
Ecorse Public School District,8708,3502,3772,138,0,79,279,28317,507,556,284,1724,415,110,36.8,33.5,39.5,1408,1863
Linden Community Schools,17700,16965,247,47,113,0,43,78627,874,1237,1035,3271,2238,1025,41.7,40.9,42.2,687,5074
Leslie Public Schools,7521,7215,41,3,0,3,43,63345,356,378,420,1625,565,217,40.0,41.0,39.5,426,1966
Hazel Park City School District,20936,16786,2732,58,316,12,130,39027,776,987,1159,4187,2282,714,36.9,37.3,36.5,1919,4488
Hemlock Public School District,9317,9179,45,0,33,0,0,60112,425,384,594,2366,1260,237,47.6,45.7,50.1,296,2717
Hesperia Community Schools,5533,5220,6,76,2,0,167,44250,274,331,267,1505,240,74,41.0,40.2,42.9,737,1540
Highland Park City Schools,10915,644,9784,9,14,0,76,17550,503,683,693,2101,569,224,38.7,34.3,42.5,1829,2233
Hillman Community Schools,3389,3324,18,0,7,0,2,43467,91,120,178,976,229,138,55.0,54.3,55.9,162,968
Hillsdale Community Schools,15046,14556,188,6,64,0,26,44124,665,635,678,3200,1193,500,37.9,37.9,38.0,627,3472
Holland City School District,36729,30472,1533,130,1012,23,2164,56581,1755,1632,2019,4627,4521,2189,32.5,31.4,33.0,1877,8371
Holly Area School District,27863,26246,545,60,196,24,121,70234,1639,1557,1476,4841,3471,1682,41.4,40.1,43.0,1449,7625
Holt Public Schools,29856,24805,2097,45,1442,31,439,63762,1255,1996,1909,3738,4907,1973,39.7,38.3,41.5,1015,7643
Holton Public Schools,6282,5866,17,140,21,0,27,50375,303,399,257,1439,478,96,43.3,45.6,42.5,511,1663
Homer Community Schools,4548,4363,22,31,0,0,7,50392,256,290,243,1202,311,94,38.6,38.8,38.3,213,1216
Hopkins Public Schools,8282,8054,33,56,4,0,12,67098,511,482,497,2215,688,218,37.1,36.5,37.4,120,2291
Houghton Lake Community School District,14801,14425,0,87,61,0,8,39457,556,470,661,4397,886,488,54.9,54.6,55.1,823,4145
Howell Public Schools,56243,53968,330,134,571,113,159,73190,2539,2950,3008,9645,8057,3078,41.4,39.7,43.1,1654,14846
Hudson Area Schools,5904,5682,13,0,8,0,32,49310,283,311,315,1664,360,155,43.0,42.9,43.1,530,1566
Hudsonville Public School District,42000,39832,381,18,349,22,324,79786,2481,2819,2363,6026,6771,2218,32.6,31.9,33.1,655,11303
Huron School District,13877,13235,192,15,49,0,100,80768,761,601,700,2509,1609,769,41.4,42.9,39.5,511,3762
Huron Valley Schools,59794,57286,646,212,622,0,266,84217,2234,3305,3961,8370,10153,4295,45.1,45.1,45.1,1645,16651
Ida Public School District,7976,7779,91,23,0,0,12,84536,382,470,434,1663,669,219,43.2,43.5,42.8,160,2336
Imlay City Community Schools,12566,12104,34,74,0,0,181,54502,827,703,708,2629,792,241,38.4,39.5,36.5,876,3161
Inland Lakes Schools,5626,5378,3,81,3,0,21,50406,193,253,248,1331,659,344,49.6,48.5,51.4,230,1674
Ionia Public Schools,21970,18744,2327,96,80,0,63,49469,865,1151,1218,4546,1454,365,37.6,37.0,38.6,1707,4630
Iron Mountain Public Schools,7406,7193,76,43,52,0,2,44776,300,354,466,1494,925,333,42.0,41.1,43.6,478,1988
Reading Community Schools,4900,4800,7,1,24,0,7,46655,284,271,234,1315,245,149,41.4,38.9,42.4,210,1285
Redford Union School District,23806,13795,8911,181,214,0,189,56620,1295,941,1114,4709,2181,862,39.3,36.8,42.0,2154,5908
Reed City Area Public Schools,10817,10289,234,58,24,0,0,41329,648,450,479,3022,692,304,44.5,43.2,45.8,750,2697
Reese Public Schools,5564,5391,24,34,13,0,60,55266,189,226,220,1506,517,78,44.2,42.5,45.5,436,1635
Kenowa Hills Public Schools,25510,22743,741,18,806,20,211,64170,1173,1117,1377,4057,3933,1169,36.2,36.4,36.1,881,6544
Kalkaska Public Schools,12433,11908,108,79,94,0,38,45561,472,714,591,3403,680,288,45.1,44.2,45.6,784,3552
Kearsley Community Schools,16972,15844,238,236,161,0,65,53538,854,937,1038,3703,1030,438,41.3,39.3,42.7,1532,4578
Central Lake Public Schools,3138,3076,1,16,8,0,3,51087,108,130,120,706,423,192,54.3,54.2,54.4,92,962
Central Montcalm Public Schools,11025,10742,60,8,42,6,75,48259,605,556,539,2576,664,221,44.2,41.1,46.5,718,3034
Centreville Public Schools,4799,4560,90,10,0,0,11,61291,239,226,257,1060,355,253,44.4,42.2,47.4,131,1318
Charlevoix Public Schools,8267,7856,46,198,25,0,12,49167,286,361,383,1385,1321,562,49.7,48.5,50.5,259,2323
Charlotte Public Schools,19452,18550,168,136,84,0,214,62625,836,1018,1144,3765,1575,618,42.3,41.0,44.1,915,5203
Chassell Township School District,1807,1767,0,1,11,17,11,49063,124,130,117,359,228,101,36.7,35.5,37.6,68,448
Cheboygan Area Schools,14391,13161,209,289,92,0,0,42633,401,677,684,3906,1398,575,50.9,49.9,51.9,880,4175
Chelsea School District,16846,16133,172,11,144,0,69,87109,693,868,1058,2081,3214,1646,46.7,44.3,48.6,270,4648
Chesaning Union Schools,10724,10268,80,23,57,0,162,50189,480,478,610,2939,808,294,45.3,44.8,45.7,518,3067
Chippewa Hills School District,19677,18450,247,282,21,0,45,50870,874,778,896,4870,1884,852,47.9,46.4,49.7,899,5530
Chippewa Valley Schools,106679,90383,10337,415,3013,0,415,73345,5695,4998,6047,17738,14608,6086,39.8,38.1,40.9,2649,27827
Clare Public Schools,8411,8107,41,56,48,0,17,50750,583,324,290,1766,719,434,41.1,41.0,41.2,296,2240
Clarenceville School District,11881,9003,1974,104,445,0,41,42944,539,561,393,2129,1107,466,42.1,41.9,43.0,404,2956
Clarkston Community School District,45616,41898,1305,55,816,0,689,93548,2423,2479,3023,5472,8242,4025,41.4,39.8,42.9,1132,12503
Clawson City School District,12235,11406,209,7,207,0,177,67049,468,343,476,2117,2310,1058,41.1,39.6,44.3,181,2876
Climax-Scotts Community School District,3799,3603,19,0,0,0,15,61938,146,214,104,799,456,134,46.0,44.8,47.2,122,1085
Clinton Community Schools,5744,5595,46,0,19,3,16,66159,170,272,330,1159,769,332,46.5,44.7,47.8,249,1640
Clintondale Community Schools,16542,10875,4287,65,316,168,228,47165,859,930,875,3913,941,286,37.5,37.6,37.2,1572,4320
Clio Area School District,19930,18968,296,26,47,21,78,54500,633,991,928,4506,1441,569,44.4,41.8,45.8,953,5669
Colon Community School District,5389,5282,30,6,23,0,0,47500,327,306,257,1110,483,161,40.0,39.1,42.5,170,1437
Coldwater Community Schools,22350,20516,929,137,202,0,147,49375,982,1013,1036,4757,1784,610,42.7,42.8,42.5,819,5393
Decatur Public Schools,5280,4345,112,273,19,0,215,46490,324,391,373,1066,325,136,41.8,41.9,41.8,422,1410
Deckerville Community School District,4112,3984,5,16,4,0,44,49331,176,228,138,1295,225,130,49.5,46.6,51.3,197,1217
Delton-Kellogg School District,12170,11685,103,29,10,0,85,60826,400,642,591,3096,1082,432,47.5,46.4,49.7,378,3751
DeTour Area Schools,2084,1780,0,218,4,0,3,43083,32,116,93,537,169,101,58.7,57.7,60.1,77,624
Detroit City School District,677223,98534,532605,2285,10659,185,19760,29484,36815,36608,40496,111864,37798,19488,34.7,32.7,36.4,115328,140863
Dexter Community School District,21531,20495,122,22,263,0,135,108315,1426,1366,1345,1891,4443,3053,43.4,43.6,43.0,123,6224
Dowagiac Union Schools,15141,12340,1013,511,74,21,546,45229,649,573,1041,2700,1110,383,41.7,40.5,42.2,1448,4023
Dryden Community Schools,4726,4643,9,0,0,0,19,76344,205,220,225,1068,480,231,44.3,42.2,45.6,116,1340
Dundee Community Schools,8911,8813,61,15,17,0,3,61652,416,526,538,1956,788,334,41.8,40.6,42.6,391,2536
Durand Area Schools,10459,10036,43,25,47,0,51,53125,444,442,522,2670,578,261,46.6,44.9,48.3,443,2952
East China School District,29230,28400,111,18,258,0,156,63739,1239,1643,1742,6350,2694,1270,44.8,43.4,46.9,746,8000
Wayland Union Schools,18174,17372,109,63,40,0,52,65408,1172,1096,914,4165,1772,469,36.0,36.1,35.8,494,4929
Watersmeet Township School District,1283,912,12,310,23,2,0,41375,118,25,32,403,160,60,58.5,59.8,55.7,83,400
Watervliet School District,6469,5937,40,39,26,0,142,42688,369,323,385,1443,497,146,40.7,39.7,42.9,542,1815
Waverly Community Schools,20711,14656,3201,48,1027,12,724,58846,790,749,1141,3119,3351,1158,41.1,38.7,44.7,887,5424
Webberville Community Schools,3992,3883,0,2,0,0,0,71146,266,154,175,931,349,130,37.3,35.8,38.9,47,1171
West Bloomfield School District,33561,24922,4387,72,3287,0,63,95746,1098,1504,1753,2675,7129,4879,45.7,44.2,46.9,508,9258
West Branch-Rose City Area Schools,16430,15912,50,112,131,0,49,42057,566,778,831,4310,988,465,50.9,50.1,51.8,955,4679
West Ottawa Public School District,52386,41393,930,141,3389,13,5006,67904,2870,2982,3380,8717,6470,2926,36.4,34.9,37.6,2637,14524
Reeths-Puffer Schools,21627,20263,602,119,104,0,113,65027,947,1336,1104,3996,2267,1003,43.1,41.0,44.6,726,6271
Republic-Michigamme Schools,1297,1265,0,10,0,2,9,35815,35,63,60,377,178,49,56.6,55.2,57.6,57,390
Richmond Community Schools,12597,12038,202,0,0,0,47,69708,728,508,736,2592,1154,293,41.6,40.6,43.1,475,3349
River Rouge School District,8200,3452,4004,4,0,0,573,26590,406,331,640,1730,374,43,35.8,35.6,35.9,1238,2007
River Valley School District,7473,7279,56,10,20,0,6,54369,216,243,367,1665,1125,353,52.6,52.1,53.2,165,2290
Riverview Community School District,12545,11634,634,17,40,0,81,57161,439,329,600,2986,1095,401,46.2,45.3,47.6,338,3242
Rochester Community School District,93724,76793,3813,217,10277,0,684,99903,5198,5217,6236,8013,20205,13777,42.0,40.3,43.1,853,25649
Rockford Public Schools,44614,42436,357,124,429,14,401,90339,2633,3095,3056,5150,8687,3777,38.9,38.1,39.7,841,12571
Rogers City Area Schools,5221,5026,33,23,32,0,12,43598,161,227,235,1415,454,178,52.9,53.3,51.9,187,1533
Western School District,13259,12654,171,36,56,8,70,61306,652,926,884,2234,1560,487,34.7,34.2,35.3,622,3219
Westwood Heights Schools,5602,2934,2422,15,0,0,0,37218,241,273,208,1349,348,88,41.9,36.6,45.4,677,1547
White Cloud Public Schools,7373,6796,226,138,15,0,106,42230,369,370,356,1931,378,114,45.5,42.6,47.4,634,2011
White Pigeon Community Schools,6510,6328,14,15,38,0,22,54038,324,355,225,1522,516,191,44.7,44.6,44.9,248,1775
Whitefish Township Schools,545,502,1,18,0,0,3,37036,35,45,45,115,71,40,54.5,53.3,57.4,0,148
Whiteford Agricultural School District,4211,3925,91,0,126,0,34,67679,165,232,184,1262,450,132,47.3,43.5,49.0,36,1235
Whitehall School District,12185,11235,302,98,104,0,18,57386,673,779,726,2019,1541,557,42.0,40.6,43.4,641,3339
Whitmore Lake Public Schools,9284,8899,72,21,89,0,11,63291,325,485,407,1599,1188,567,39.3,38.4,39.6,318,2417
Whittemore-Prescott Area Schools,7087,6849,30,126,2,0,2,34550,293,278,216,1851,249,123,48.1,47.7,48.6,768,2022
Williamston Community Schools,10640,10067,52,0,286,0,35,96692,523,505,518,1156,2030,1069,43.7,45.8,42.6,71,2907
Wolverine Community Schools,2752,2617,0,49,4,0,0,45865,113,120,129,792,164,58,46.2,45.2,46.6,150,751
Woodhaven-Brownstown School District,32717,25950,3287,43,2238,0,285,61486,1430,1743,2044,6305,3138,1731,42.1,40.3,43.9,1730,8707
Wyandotte City School District,25138,24039,293,50,127,0,259,53110,1098,1165,1050,5537,2076,899,42.7,40.3,45.1,1236,6415
Wyoming Public Schools,35019,25947,2933,326,1135,0,2484,51441,2196,1702,1320,5948,3750,1014,33.0,32.8,33.4,2436,8344
Yale Public Schools,10961,10599,30,42,25,0,22,57603,485,645,595,2829,683,327,44.0,43.7,44.3,524,3054
North Branch Area Schools,10948,10747,29,22,0,2,0,59913,550,656,553,2219,817,397,42.2,41.8,42.7,578,3129
Grosse Pointe Public Schools,49582,41952,4947,104,1261,0,85,101485,2500,3076,3193,3643,11327,6393,44.6,43.6,45.7,700,14240
Ironwood Area Schools,7686,7323,177,47,19,21,13,36795,338,297,333,1699,884,325,48.6,46.8,50.3,465,1907
Ishpeming Public School District,6762,6540,31,28,44,5,0,45788,315,305,260,1721,964,202,42.8,41.3,45.0,375,1595
Ithaca Public Schools,7428,7099,56,66,16,0,30,49398,443,433,464,1757,449,192,40.0,40.7,39.4,398,2014
Jackson Public Schools,54663,42089,9103,192,616,33,527,41122,2612,2979,3013,9351,5390,1937,36.4,35.2,37.8,5562,12926
Jefferson Schools,12160,11584,62,20,26,0,198,64558,519,740,823,2681,1008,312,42.4,43.0,41.8,650,3431
Jenison Public Schools,28967,27282,222,110,297,11,166,69173,1583,1322,1708,4895,4439,1268,38.2,35.7,40.3,366,7925
Johannesburg-Lewiston Area School District,5838,5686,6,63,22,1,7,47538,133,238,423,1628,492,181,52.8,53.3,52.1,301,1654
Jonesville Community Schools,6033,5704,69,94,29,0,5,51929,303,330,487,1251,443,180,42.9,42.3,44.5,313,1536
Kalamazoo Public School District,111232,78023,21732,247,3023,32,1009,41510,4584,4254,4354,10234,12984,7267,28.2,27.0,29.5,9110,20833
Kaleva Norman Dickson School District,5081,4877,45,55,11,0,6,42192,235,201,240,1339,341,115,52.7,52.2,53.6,192,1325
Perry Public School District,8952,8735,80,3,15,0,10,69488,240,587,575,1668,926,412,42.0,41.9,42.0,268,2648
Pellston Public Schools,5298,4825,52,200,40,2,10,46667,194,295,338,1282,505,253,47.3,48.3,46.0,293,1552
Pennfield School District,9136,8370,306,14,34,0,26,55175,461,382,448,1905,1015,244,45.8,43.5,48.4,396,2390
Pentwater Public School District,2390,2347,0,0,0,0,0,56076,87,80,128,399,400,177,56.8,57.6,54.9,88,797
Pewamo-Westphalia Community School District,4188,4120,4,0,3,0,12,67955,281,287,218,914,479,108,38.2,37.0,39.4,110,1038
Pickford Public Schools,2181,2056,1,77,14,5,0,51458,72,70,94,665,240,65,52.6,51.0,53.6,38,661
Pinckney Community Schools,25842,25110,105,14,226,11,97,79821,870,1052,1836,4202,4201,1602,46.3,46.5,46.0,357,7521
Pinconning Area Schools,12207,11792,46,87,38,0,50,51977,486,653,626,3638,679,279,46.9,46.4,47.4,679,3588
Pine River Area Schools,7962,7738,23,28,37,0,5,46039,443,480,453,2003,456,190,43.2,43.9,42.5,496,2030
Pittsford Area Schools,3038,2824,50,11,0,0,71,53446,157,107,150,744,142,73,46.5,45.4,47.9,39,862
Plainwell Community Schools,15703,14827,75,41,16,0,85,63275,1024,1106,893,2886,2025,899,40.4,39.1,41.6,942,4264
Plymouth-Canton Community Schools,121828,94005,7552,191,16349,0,706,89482,6334,6750,7648,12438,25206,15451,41.0,40.2,41.5,2165,33207
Pontiac City School District,78675,37081,31964,219,3491,62,1475,37553,4220,3237,3758,11970,6427,3107,33.0,30.8,35.0,9379,16736
Port Huron Area School District,66134,59017,2920,103,550,26,352,46671,3120,3829,3467,12541,5128,2398,40.6,38.8,42.6,5340,16801
Houghton-Portage Township Schools,10640,9181,205,45,874,5,90,34846,305,250,222,885,1067,694,22.8,21.9,27.3,238,1509
Portage Public Schools,54168,47378,2392,282,2125,0,199,69380,3179,3234,2841,6144,10240,5142,38.5,37.2,40.0,2215,14330
Portland Public School District,12458,11647,430,9,71,6,84,71237,859,886,705,2472,1348,462,38.6,38.4,38.9,481,3471
Posen Consolidated School District,1984,1936,17,5,1,0,20,43100,53,99,59,646,119,49,55.5,55.0,55.8,24,614
Potterville Public Schools,5502,5009,169,53,30,0,0,55028,318,201,274,882,505,180,38.6,36.5,39.7,459,1513
North Central Area Schools,2859,2746,5,24,2,0,0,41764,112,144,118,999,150,22,50.2,48.0,51.8,169,742
Quincy Community School District,7868,7752,17,11,20,0,12,54577,446,505,400,2005,531,219,38.5,36.0,41.2,296,2005
Rapid River Public Schools,2578,2385,0,52,5,2,31,52286,48,123,135,639,250,92,53.6,54.7,52.9,167,750
Ravenna Public Schools,5880,5756,21,24,12,8,13,58545,309,376,336,1517,359,121,40.0,37.9,41.7,285,1666
Roscommon Area Public Schools,12014,11510,36,149,21,0,47,41395,421,416,504,3159,964,564,56.2,56.5,56.0,778,3392
Utica Community Schools,185325,165144,6006,247,8831,31,1361,73609,8315,8847,9907,31569,26102,12354,42.2,40.8,43.4,5212,50133
Van Buren Public Schools,49255,32561,12943,117,1538,25,146,57675,2368,2642,2137,8545,5744,2899,39.5,37.2,41.3,3039,12512
Vanderbilt Area Schools,1931,1839,7,41,3,0,3,40577,105,53,64,583,127,44,48.3,47.1,50.3,148,487
Vandercook Lake Public Schools,4866,4791,26,4,0,0,0,44867,373,352,273,1020,368,134,41.1,41.2,41.0,458,1252
Van Dyke Public Schools,19149,10685,6912,15,819,0,139,33412,1202,1044,1086,4189,795,108,32.5,32.3,32.7,3021,4775
Vassar Public Schools,8989,8488,192,0,13,0,20,41108,444,556,635,2175,459,185,39.2,37.5,40.6,778,2402
Vestaburg Community Schools,3776,3689,6,4,12,0,7,54007,218,121,224,1002,254,89,43.5,44.6,42.0,170,1055
Vicksburg Community Schools,16118,15519,191,44,40,0,2,72384,939,1076,728,2795,2084,837,39.7,38.9,40.6,525,4483
Wakefield-Marenisco School District,3452,2811,478,29,2,0,15,40354,66,78,153,859,242,57,46.9,41.4,58.6,84,617
Waldron Area Schools,2190,2162,0,0,0,0,2,46420,110,123,101,560,115,27,42.9,41.4,43.2,161,627
Walkerville Rural Community School District,1450,1379,7,22,15,0,12,39479,90,83,45,357,88,18,40.4,40.9,40.3,150,384
Waterford School District,78269,68012,4057,353,1544,30,1697,60737,3233,3578,3811,13677,10687,4099,41.8,40.4,43.1,3052,20219
Walled Lake Consolidated Schools,104166,84966,9214,297,7086,0,528,76587,4806,4734,5792,12633,21311,9496,41.5,40.3,42.7,2192,26838
Warren Consolidated Schools,117846,92745,9920,206,12080,57,390,56972,4930,4823,5349,22233,15051,5892,41.5,38.8,43.8,7382,30591
Warren Woods Public Schools,22000,16705,3479,73,1224,16,29,52737,887,1004,1092,5337,2164,756,42.6,40.2,44.3,1041,5696
Camden-Frontier School District,3804,3773,0,7,3,0,3,51576,203,275,209,866,172,82,39.3,41.0,37.5,313,981
Cadillac Area Public Schools,21548,20612,166,83,165,0,9,44401,1157,1088,1070,4503,2236,743,43.6,41.4,44.6,1542,5800
Caledonia Community Schools,24576,23414,131,22,376,0,83,83388,1648,1522,1314,3298,4361,1509,37.3,37.6,36.9,411,6695
Calumet Public Schools,8163,7776,52,23,10,0,57,41696,329,320,468,1872,947,282,46.3,47.8,45.5,501,2189
Capac Community School District,9149,8667,23,5,3,0,210,69452,495,432,649,2305,551,274,42.6,41.4,43.3,313,2610
Carman-Ainsworth Community School District,30524,19361,8779,224,424,0,304,41055,1447,1292,1755,6023,2202,1109,40.3,36.8,43.3,3616,7769
Carney-Nadeau Public Schools,1508,1435,9,32,0,0,2,42411,36,123,75,442,121,41,47.8,47.0,48.3,77,440
Caro Community Schools,11355,10918,169,31,108,0,0,45293,478,527,708,2674,877,385,46.1,43.4,48.2,595,2948
Carrollton School District,5783,4541,937,0,0,0,81,36991,399,258,397,1056,422,130,33.8,37.1,31.9,539,1433
Carson City-Crystal Area School District,10448,8950,1127,34,36,5,47,43905,479,624,470,2089,412,208,40.1,39.5,41.3,950,2142
Carsonville-Port Sanilac School District,3642,3523,8,32,11,0,6,46185,184,204,136,1049,276,152,48.9,47.3,50.1,173,1062
Caseville Public Schools,1995,1920,9,18,28,0,0,45403,66,10,74,554,177,94,61.6,60.6,62.3,42,556
Cass City Public Schools,7790,7678,25,11,16,0,26,48403,369,354,453,2027,515,208,44.1,42.4,46.1,287,2147
Cassopolis Public Schools,8109,6464,1094,48,107,0,0,51881,421,272,556,1737,706,245,46.0,44.4,47.7,444,2346
Cedar Springs Public Schools,20519,19772,168,10,97,0,70,64613,1217,1147,1328,4509,2073,612,37.9,38.0,37.9,760,5401
Center Line Public Schools,20264,13845,4147,31,1605,5,112,46003,1032,1130,963,4750,1518,421,39.9,39.2,41.3,1736,4779
Oxford Area Community Schools,26152,24906,88,31,488,0,129,83171,1285,1436,1703,3512,4335,1835,41.3,40.3,42.1,511,7134
Parchment School District,10063,8816,854,30,74,0,25,57704,682,561,485,1483,1333,570,37.5,36.0,39.4,704,2653
Paw Paw Public School District,13355,12483,49,57,86,6,286,63120,649,638,622,2390,1679,467,40.7,40.5,40.8,615,3730
Peck Community School District,2230,2138,33,0,2,0,3,49500,121,103,154,584,113,41,44.7,49.1,42.9,113,616
Zeeland Public Schools,31357,27854,330,30,1360,0,985,71014,1712,2128,2064,6205,3986,1549,37.7,35.4,38.9,488,8597
Lansing Public School District,124494,77915,26725,705,4607,41,3512,40780,6592,6069,5613,17179,13452,5345,32.8,31.5,34.1,13515,26299
Genesee School District,2813,2609,90,7,0,0,37,53214,45,101,144,700,100,40,46.9,47.4,46.1,132,778
Gibraltar School District,21882,20052,1013,99,197,0,146,70952,1114,1108,1159,4024,2154,1044,40.7,40.1,41.5,716,5665
Gladstone Area Schools,9234,8820,0,130,18,0,0,55495,412,481,582,2143,1095,301,45.6,44.0,46.5,500,2521
Gladwin Community Schools,13411,12981,81,41,123,0,27,43046,601,527,643,3361,916,548,50.1,48.8,50.7,931,3791
Glen Lake Community Schools,4941,4804,49,19,11,0,7,61908,90,153,274,855,955,488,56.6,55.9,57.1,85,1522
Gobles Public School District,5963,5510,81,31,13,13,38,57518,342,372,380,1153,497,252,42.5,38.4,47.0,492,1631
Godfrey-Lee Public Schools,8281,5330,596,97,94,15,1568,47120,452,854,772,1209,376,92,30.0,25.7,32.3,1103,1956
Godwin Heights Public Schools,12749,7970,1337,467,195,0,1657,43575,590,917,567,2223,857,113,34.2,33.7,35.1,1231,3080
Coopersville Public School District,13642,13060,3,134,159,0,17,64970,758,703,904,2799,1556,509,36.0,35.2,36.7,513,3685
Corunna Public School District,10101,9700,104,27,7,0,5,55726,539,493,491,2331,658,339,45.0,43.5,46.1,312,2640
Covert Public Schools,2948,1802,632,0,6,0,343,33004,184,102,183,324,131,55,41.6,42.0,41.3,249,711
Crawford AuSable Schools,12019,11525,84,55,116,0,49,47941,536,436,631,2404,1097,424,49.2,48.1,50.5,702,3529
Croswell-Lexington Community School District,14056,13541,79,45,35,0,179,46212,627,605,895,3282,1184,555,47.2,46.4,48.2,687,4010
Forest Park School District,4427,4321,17,19,28,0,0,39841,175,153,226,1298,420,185,54.9,54.9,55.0,127,1150
Dansville Schools,4907,4745,8,22,22,9,16,64785,236,277,304,1061,478,214,44.3,44.0,44.6,153,1428
Davison Community Schools,31117,28532,1099,64,550,23,193,52165,1564,1716,1592,6040,3128,1457,41.8,39.0,44.3,972,8585
Hartland Consolidated Schools,27899,27072,133,38,173,0,17,97350,1594,1762,2058,3953,4838,2075,42.0,41.0,43.0,586,7608
Haslett Public Schools,16856,15144,295,35,686,0,195,66826,528,1155,995,1652,2892,1881,42.2,41.2,44.1,315,4251
Hastings Area School District,19288,18514,56,112,236,0,115,55527,951,780,981,4530,1468,673,42.4,41.1,43.9,703,5208
Swartz Creek Community Schools,24999,22930,1315,11,84,0,43,59967,1228,1373,1508,5136,2121,1074,42.7,41.2,44.7,1434,7318
Tawas Area Schools,10973,10511,92,100,55,0,37,43962,317,362,473,2866,1012,517,54.2,52.3,55.5,546,3072
Taylor School District,67011,48520,14122,294,1005,0,1235,46864,3384,3613,3432,15492,3878,1017,37.8,35.7,40.4,6305,16725
Tecumseh Public Schools,18254,17412,81,77,89,15,32,63651,904,1019,1130,3410,2245,1196,41.7,41.4,42.1,704,5129
Tekonsha Community Schools,1986,1902,7,16,6,0,3,44493,98,119,83,566,127,78,43.7,43.4,44.0,124,543
Thornapple Kellogg School District,15790,15136,155,13,76,3,138,69434,1062,1135,796,3119,1931,571,37.7,36.8,38.4,530,4543
Three Rivers Community Schools,18008,15480,1067,61,195,0,269,51403,856,1127,953,3741,1587,649,38.9,37.8,39.8,1252,4807
Traverse City Area Public Schools,84313,80261,688,761,516,26,347,61731,3994,3920,3655,12637,14351,6181,43.3,41.7,45.0,3547,22084
Trenton Public Schools,17990,17256,156,7,258,0,33,64770,893,680,943,3719,2084,1046,46.9,43.4,49.3,549,4684
Hart Public School District,7644,7000,228,103,10,0,151,42500,362,421,489,1671,571,241,43.5,38.8,46.9,652,2059
Harper Creek Community Schools,14945,13602,322,243,460,0,0,61813,598,860,949,2621,2078,723,45.0,44.1,46.1,388,4135
Harper Woods City Schools,8371,2377,5577,29,80,0,32,48280,299,490,483,1530,688,400,38.1,32.5,40.6,705,2041
Harrison Community Schools,12780,12299,84,58,49,0,62,32328,428,424,536,3190,503,259,50.3,48.8,51.6,1291,3412
Hartford Public School District,6477,5089,39,111,66,14,801,46526,568,532,372,1246,264,48,34.6,35.1,33.2,893,1563
Public Schools of Petoskey,18521,17436,107,314,79,27,52,54762,873,797,912,2640,2973,1307,42.7,40.5,46.2,568,5050
Fowlerville Community Schools,16368,15844,23,80,134,0,59,71076,857,1018,1052,3644,1477,494,38.2,38.8,37.5,644,4434
DeWitt Public Schools,14751,13870,476,70,113,0,56,91932,771,1055,1018,1355,2961,1197,40.2,40.6,39.8,176,4099
Dearborn City School District,103318,92823,4099,213,2453,49,604,51451,6287,7378,7209,12099,11007,5635,32.5,30.9,33.8,14733,22884
Dearborn Heights School District 7,12185,10770,539,173,210,0,202,51411,432,575,488,2957,937,377,38.1,36.6,39.1,964,3267
Westwood Community Schools,18948,8839,8692,20,160,0,282,37321,1278,1266,804,3580,1065,381,33.6,31.1,35.8,3183,4182
Alanson Public Schools,3906,3323,3,287,12,0,21,50272,149,223,178,740,429,112,37.1,36.0,37.8,93,1069
Frankenmuth School District,9734,9594,77,9,0,0,7,70268,322,518,544,1831,1784,686,48.0,47.0,49.1,84,2717
Frankfort-Elberta Area Schools,3427,3382,10,4,10,0,0,54531,50,134,141,749,693,342,60.9,58.3,62.7,79,935
Fraser Public Schools,28344,24214,2848,60,424,0,52,54001,1054,1395,1261,5783,2794,1230,44.6,41.5,46.9,956,7573
Freeland Community School District,12147,11030,577,58,140,0,9,83731,718,661,700,1662,1674,680,40.4,37.6,43.5,167,3156
Kelloggsville Public Schools,13362,8924,1733,49,907,23,986,43877,781,610,594,2852,1103,252,35.3,33.7,36.1,1261,3219
Kent City Community Schools,8685,8305,130,7,20,0,127,68870,501,536,425,1773,645,153,34.0,34.8,33.2,661,2291
Kentwood Public Schools,67953,43896,14066,189,5874,22,915,54842,3500,3240,4286,10571,9390,3280,32.9,32.3,33.8,4382,16612
Kingsley Area Schools,7652,7279,16,86,78,0,56,54688,387,431,706,1238,607,228,40.0,36.8,42.9,602,1971
Kingston Community School District,3204,3007,79,23,0,4,8,45052,157,159,167,938,164,89,44.5,42.4,46.3,163,913
Laingsburg Community School District,6257,6101,47,7,16,0,16,73917,261,295,301,1100,946,262,43.1,42.3,45.2,105,1804
Lake City Area School District,8363,7960,57,77,21,0,9,42841,407,411,409,2103,535,208,45.6,45.9,45.2,636,2370
Lake Fenton Community Schools,11316,11032,44,27,78,6,7,74630,355,514,595,2025,1967,693,46.5,45.1,47.6,196,3189
Lake Linden-Hubbell School District,3641,3492,16,5,42,7,2,52188,124,190,222,808,487,209,45.4,43.3,47.3,212,949
Lake Orion Community Schools,45081,41296,1179,80,1316,8,358,93540,2675,2549,3292,5019,8229,4621,40.2,39.3,41.2,758,12341
Lakeshore School District,17791,16523,391,10,482,0,52,66545,1016,907,914,2507,2952,1547,42.9,42.3,44.0,468,5166
Lakeview School District,22642,18499,1394,131,1466,20,206,56134,1198,1014,1235,4106,3102,1234,39.4,38.7,40.1,1112,5823
Lakeview Public Schools,19895,18681,671,43,73,0,47,60997,754,915,795,4160,2480,881,45.3,42.3,48.6,523,5159
Lakeview Community Schools,10152,9673,43,170,33,0,34,44419,551,561,485,2337,649,233,39.5,36.6,43.2,588,2739
Lakeville Community Schools,11794,11341,21,96,8,4,27,56285,451,599,667,2714,769,432,46.3,46.3,46.2,747,3360
Lakewood Public Schools,13491,12799,154,39,62,0,236,58205,794,757,786,3240,960,382,40.1,39.2,40.8,860,3691
Lamphere Public Schools,17244,14123,1387,61,991,0,219,54203,654,754,674,3466,1861,675,39.5,37.5,40.7,1050,4243
Anchor Bay School District,35288,32776,1011,135,587,20,52,76075,1842,2114,2308,5788,4099,1982,42.1,41.0,43.2,977,9625
Ann Arbor Public Schools,172825,121276,12530,636,29623,89,1153,70232,5775,5975,6033,6943,30393,25961,29.7,28.7,31.2,2849,34391
Arenac Eastern School District,2149,2060,4,48,0,0,2,39674,79,81,75,647,58,24,45.9,47.3,45.3,192,600
Armada Area Schools,8729,8571,9,16,11,0,11,71433,346,425,582,1928,786,319,46.1,44.3,46.9,144,2492
Ashley Community Schools,2020,1881,12,9,47,0,5,44613,85,135,114,584,81,31,43.0,41.5,43.8,140,529
Athens Area Schools,4869,4755,37,47,3,0,0,56597,295,271,259,1201,416,105,41.4,42.9,39.9,341,1399
Atherton Community Schools,6959,5787,768,0,62,0,18,41942,285,520,432,1671,523,178,41.3,36.6,42.8,564,1775
Atlanta Community Schools,3514,3344,14,33,0,0,6,39792,129,131,93,1040,196,92,57.2,56.3,57.7,225,1013
Au Gres-Sims School District,3226,3150,6,2,16,0,0,39715,97,104,123,944,255,125,57.4,57.1,58.1,135,952
Avondale School District,27796,20550,2462,116,3466,0,244,81497,1164,1132,1443,3454,5314,3272,41.3,38.7,43.5,617,7278
Baldwin Community Schools,7733,6267,991,101,2,11,37,31316,209,187,285,2094,418,180,55.6,55.5,55.8,542,1831
Bangor Public Schools,7624,5773,409,186,49,0,540,41722,367,431,570,1546,366,143,40.6,39.5,41.9,857,1926
Bangor Township Schools,14165,13339,263,22,47,0,0,45257,525,770,631,3494,1043,575,45.4,40.5,49.1,1281,3810
Baraga Area Schools,3879,2373,800,407,30,2,16,45434,145,108,149,807,209,63,38.0,37.2,40.4,170,725
Bark River-Harris School District,3325,2610,2,496,48,0,0,56250,175,184,203,722,246,72,39.6,40.0,38.7,183,925
Bath Community Schools,7824,7184,253,7,159,0,9,66289,241,190,328,1119,1399,536,40.7,39.6,43.7,160,2056
Bay City School District,69042,65195,1315,326,491,0,276,46509,3559,3222,3435,14265,6756,2262,42.4,40.8,44.2,4372,17747
Beal City Public Schools,2707,2614,4,5,8,0,44,58781,169,107,139,777,277,93,46.1,46.6,45.8,83,759
Bear Lake School District,1959,1859,4,43,2,0,18,46932,54,114,146,505,224,130,50.9,49.4,52.8,113,484
Beaver Island Community School,562,536,0,20,0,0,6,56500,11,24,22,114,82,59,61.9,63.3,60.3,11,173
Beaverton Rural Schools,10098,9879,2,64,2,0,3,45059,359,433,598,2546,596,299,48.3,47.3,49.6,718,2765
Bedford Public Schools,31507,30341,171,44,266,0,25,68279,1484,1648,1631,6608,3592,1551,44.0,41.6,45.7,987,8607
Beecher Community School District,8741,2555,5148,50,12,0,33,27350,582,542,491,1454,314,167,31.7,30.0,34.5,1677,2067
Belding Area School District,12254,11836,21,5,13,0,74,50362,736,573,721,2662,794,309,39.2,38.3,40.2,730,3192
Bellaire Public Schools,3686,3592,19,27,11,0,0,51886,114,125,137,756,656,252,55.2,53.2,55.8,97,1127
Bellevue Community Schools,5773,5507,12,32,2,0,39,54294,259,296,378,1428,365,151,42.9,42.1,43.9,311,1676
Bendle Public Schools,5807,5496,107,8,22,0,0,32975,301,331,269,1200,257,39,37.4,34.4,40.9,629,1411
Ludington Area School District,16279,15521,93,106,121,0,89,50599,735,794,729,3421,1923,1056,47.4,45.2,48.9,870,4467
Mackinac Island Public Schools,960,616,174,138,19,0,0,51141,16,38,85,116,102,125,43.2,30.6,48.7,1,156
Mackinaw City Public Schools,1256,1040,59,24,7,0,6,41667,28,52,111,244,126,89,50.6,49.4,52.3,48,322
Manistique Area Schools,7140,6233,41,475,28,0,5,40280,256,304,327,1959,610,188,51.0,50.1,52.0,515,1888
Manton Consolidated Schools,5569,5342,42,56,8,6,14,43172,230,404,373,1219,320,93,37.6,37.5,37.8,490,1400
Maple Valley Schools,8092,7803,5,22,2,4,27,51408,533,488,353,1901,427,149,41.9,39.7,44.0,663,2246
Marcellus Community Schools,4909,4748,36,3,11,0,31,56385,216,230,238,1066,452,171,46.3,46.0,48.2,316,1407
Marion Public Schools,3986,3858,11,49,14,0,1,37432,170,198,167,1097,220,94,46.7,45.7,48.0,341,1082
Lake Shore Public Schools,22792,21439,619,21,146,25,51,58350,979,1005,824,4780,2288,931,44.1,43.0,45.8,970,6157
St. Johns Public Schools,19919,19234,162,42,105,0,32,63232,1113,955,1081,3877,2186,822,42.2,40.3,43.6,658,5365
Alpena Public Schools,30098,29173,150,157,155,20,31,43252,1110,1292,1544,6297,2581,1164,48.7,47.0,49.8,1488,8324
Allendale Public School District,24558,21167,942,142,400,0,999,52111,1013,947,957,2148,2313,717,21.3,21.6,21.2,692,3901
Alma Public Schools,14741,14121,313,74,29,0,57,37706,576,624,601,3032,961,635,37.2,35.7,41.1,859,3611
Almont Community Schools,8321,8042,2,17,214,0,0,68462,277,457,580,1771,846,468,44.8,43.6,46.0,240,2322
North Muskegon Public Schools,3789,3460,49,14,14,0,0,63341,183,259,186,308,879,286,43.7,39.7,46.5,51,1011
Northport Public School District,2170,1980,3,56,0,0,12,51518,77,90,41,282,456,289,57.8,57.8,57.8,149,667
Northview Public School District,16331,14965,567,0,231,0,56,62476,827,679,947,2883,2854,962,41.9,37.6,46.2,704,4376
Northville Public Schools,38811,30796,697,140,6021,0,317,126750,2054,2546,2595,2466,9243,6670,44.1,42.7,44.7,388,11016
Northwest School District,25894,21688,2610,140,393,0,70,51519,928,644,1190,4511,2274,775,40.1,39.1,42.4,1193,5669
Norway-Vulcan Area Schools,5338,5152,4,16,40,0,5,51714,151,100,263,1302,907,246,50.6,50.2,51.4,141,1531
Novi Community School District,34878,21027,2325,136,10146,30,471,101266,1730,2090,2480,2824,7715,5304,39.3,38.1,40.6,708,9386
Oak Park City School District,23684,4392,17771,10,306,0,72,46193,1267,994,1446,3650,2766,1000,39.1,36.9,40.7,1679,5496
Oakridge Public Schools,10107,9471,304,46,35,0,21,48838,585,654,668,2515,334,174,37.1,37.4,36.1,820,2651
Okemos Public Schools,26516,18133,1122,116,5523,0,68,82418,1135,1498,1265,1042,5051,3772,34.7,33.7,36.0,456,6173
Olivet Community Schools,6772,6430,160,8,8,0,64,58667,246,398,439,1333,461,246,37.6,34.5,39.2,356,1647
Onaway Area Community School District,5113,4938,20,9,14,0,18,43861,184,197,282,1495,308,123,54.0,53.5,54.7,214,1458
Onekama Consolidated Schools,3229,3036,98,13,5,0,2,57424,81,143,146,644,512,164,55.5,53.5,57.0,25,916
Onsted Community Schools,9320,8935,83,51,35,0,40,66667,366,591,453,2374,1116,376,50.1,49.5,50.7,319,2835
Ontonagon Area Schools,3807,3660,31,18,4,4,5,39605,104,145,154,1085,403,133,57.2,57.1,57.5,111,1065
Orchard View Schools,16631,12948,2660,142,48,4,114,43714,622,503,890,3093,874,198,37.6,37.5,39.3,1289,3491
Dollar Bay-Tamarack City Area Schools,1740,1698,14,0,16,0,9,54850,135,86,107,412,185,97,35.8,35.9,35.7,27,430
Oscoda Area Schools,12301,11722,95,101,127,0,25,41777,547,421,516,2927,1002,389,52.9,53.3,52.3,815,3373
Otsego Public Schools,14655,13921,111,136,114,0,0,57440,715,765,698,3262,1306,792,42.4,41.4,44.6,451,4016
Ovid-Elsie Area Schools,9503,9084,71,14,40,0,32,54323,567,432,619,2403,685,196,41.8,41.4,42.1,499,2529
Owendale-Gagetown Area Schools,1687,1602,24,3,2,0,6,46442,82,86,72,572,96,24,41.5,40.6,42.0,163,483
Owosso Public Schools,24094,23294,131,44,49,18,72,45664,1469,1127,1131,5149,1975,674,38.5,37.5,40.1,1826,6483
Mason County Eastern District,4611,4329,68,47,8,0,29,41853,178,275,245,1153,347,106,45.3,45.1,45.7,256,1208
Tri County Area Schools,13396,12915,40,38,42,14,85,55319,740,677,826,3586,899,322,39.2,39.4,39.0,571,3661
Troy School District,67365,43703,2762,323,18411,56,341,101533,3079,3632,4416,5513,14485,10260,41.0,38.9,42.6,780,18474
Ubly Community Schools,3774,3755,5,0,3,0,0,53936,157,157,209,1264,205,91,47.1,47.3,46.9,140,1110
Union City Community Schools,5908,5760,2,19,26,0,15,49107,319,291,266,1663,319,113,42.3,42.5,42.3,453,1635
Unionville-Sebewaing Area School District,5397,5229,32,6,8,0,41,53981,194,252,255,1689,374,146,47.5,46.4,49.0,175,1603
Buckley Community School District,2895,2801,3,5,15,18,15,56333,231,115,132,582,193,58,37.0,37.3,36.8,182,783
Burt Township School District,385,374,0,6,3,0,0,26667,3,0,16,115,49,26,65.9,70.2,63.2,6,110
Romeo Community Schools,38020,35700,866,6,328,0,267,86409,1577,2240,2265,6251,5018,2877,44.7,44.5,45.0,856,10539
Romulus Community Schools,24289,11354,11618,5,236,0,289,45849,1701,1516,1400,5085,1629,643,37.1,34.4,39.1,2853,5852
Roseville Community Schools,43833,32857,8293,334,683,5,463,44156,1767,2112,2282,9636,2771,907,38.9,37.2,40.8,3686,10781
Bullock Creek School District,9245,8943,40,12,32,5,67,58547,488,437,522,2194,1002,310,44.1,43.0,45.4,552,2739
Burr Oak Community School District,1549,1452,5,2,0,0,37,50833,108,97,83,329,65,33,38.6,38.2,39.4,87,440
Byron Area Schools,6234,6090,0,59,16,0,2,68993,247,210,527,1564,523,230,45.1,42.0,46.9,342,1854
Byron Center Public Schools,23986,21786,387,133,709,0,309,70404,1207,1720,1511,3945,3715,1447,39.1,38.8,39.5,560,6605
Gwinn Area Community Schools,10321,9554,61,129,58,0,33,52485,466,482,639,2475,1125,516,44.5,44.7,44.1,846,2860
Fowler Public Schools,2734,2654,12,0,11,0,12,65156,154,147,251,694,245,88,34.6,33.0,36.6,83,693
Bridgman Public Schools,5326,5117,79,0,71,0,0,73333,162,199,268,1080,804,367,51.0,50.1,51.1,87,1564
Brighton Area Schools,37786,36279,304,166,430,0,198,90992,1588,1786,2333,4950,7958,3593,45.5,44.5,46.3,703,10652
Brimley Area Schools,3516,2034,33,1096,38,6,3,55038,205,124,174,622,304,166,41.7,40.9,42.4,110,941
Madison Public Schools,12706,10421,1391,61,395,0,54,40793,456,558,552,2579,1502,504,35.3,35.5,35.0,843,2930
Madison School District,7384,5858,1049,84,22,0,112,43521,373,272,380,1553,265,91,37.6,37.2,41.4,631,1253
Mancelona Public Schools,6644,6364,33,45,24,0,14,43320,340,296,368,1675,433,233,44.0,43.5,45.6,476,1781
Manchester Community Schools,7465,7254,73,7,32,0,7,75596,240,420,366,1178,1248,559,48.6,49.4,47.8,74,2064
Manistee Area Schools,13276,11662,532,279,103,14,52,46418,483,533,757,2698,1198,544,46.2,44.1,48.8,590,3045
Fremont Public School District,13918,12940,155,143,74,0,347,53137,873,763,824,2978,1214,535,40.6,38.7,42.1,840,3743
Fruitport Community Schools,18587,17797,315,34,49,0,62,57302,1112,1103,1156,3721,1928,533,43.1,40.1,44.9,870,5113
Fulton Schools,4802,4664,5,0,4,0,6,52415,249,280,266,1203,349,102,44.0,42.4,44.5,202,1377
Galesburg-Augusta Community School District,7265,6885,159,5,3,0,0,53899,419,435,373,1305,631,358,38.5,36.4,40.2,449,1787
Galien Township School District,2717,2589,17,37,17,0,6,52614,149,116,111,736,264,68,44.1,43.1,45.5,103,799
Garden City School District,27427,25521,789,93,293,0,171,53639,1099,1144,1510,6314,1581,444,41.1,38.7,43.6,1755,6951
Engadine Consolidated Schools,2051,1672,26,239,3,2,0,45045,112,96,76,441,147,76,50.5,51.0,50.3,71,644
Gaylord Community Schools,20538,19592,126,62,81,0,19,53590,1112,948,979,4169,2404,973,43.2,42.2,44.3,1482,5715
Goodrich Area Schools,10266,9839,90,16,176,0,110,91406,420,577,761,1532,1645,844,46.6,46.7,46.6,106,3040
Grand Blanc Community Schools,48958,40705,5327,35,1731,21,83,66229,2472,3038,2894,5696,7760,3789,39.5,39.5,39.5,1630,12866
Grand Haven Area Public Schools,42679,40768,261,120,511,11,394,64830,1950,2131,2392,6240,6975,2814,42.8,41.7,43.7,1260,11632
Grand Ledge Public Schools,35087,31195,1566,136,972,39,419,68002,1527,1842,1466,4896,6019,2703,41.2,40.7,41.9,1164,9314
Grand Rapids Public Schools,190067,129498,36057,759,3341,106,10844,47139,9691,9276,8736,22253,28372,10827,31.1,30.4,31.9,17744,39459
Grandville Public Schools,39292,34846,808,161,1313,0,975,64847,2381,2118,1880,6440,5619,2141,35.6,34.6,36.4,1732,10327
Grant Public School District,9855,9118,86,30,48,0,343,50867,542,543,718,2097,760,190,38.8,38.7,39.0,774,2682
Grass Lake Community Schools,6839,6620,15,18,104,0,50,77633,390,374,323,976,1096,414,43.6,40.2,46.7,108,2002
Greenville Public Schools,23346,22323,331,8,117,16,43,49613,1264,1250,1327,4855,1866,683,40.7,39.4,42.0,1256,6233
Ypsilanti Community Schools,59484,35188,19102,200,1320,56,651,41277,2698,2245,2543,5860,7001,3711,29.3,28.7,29.9,4919,11866
Marlette Community Schools,6612,6416,52,10,34,0,43,41818,338,370,360,1655,376,78,39.6,41.3,38.8,581,1773
Marshall Public Schools,25726,21791,2964,55,158,0,91,47015,1555,1271,1310,4941,2598,1396,39.7,36.8,41.9,1673,6193
St. Joseph Public Schools,19288,17020,418,132,1124,2,166,69478,711,668,901,2384,4059,2366,44.7,41.7,47.6,297,5270
St. Louis Public Schools,10328,7860,1927,62,60,10,27,44958,300,411,444,1999,508,198,36.7,36.3,37.8,384,1802
West Iron County Public Schools,6785,6455,40,157,37,0,7,38378,241,242,226,2175,625,286,53.7,52.9,55.0,303,1792
Standish-Sterling Community School District,9871,9481,75,140,30,0,7,42177,449,437,524,2661,551,229,45.8,45.1,46.5,761,2704
Stephenson Area Public Schools,4996,4860,11,10,16,0,6,46750,197,232,254,1474,418,103,51.0,50.4,52.1,108,1352
Stockbridge Community Schools,10207,9873,47,36,51,0,64,56551,401,435,502,2107,849,356,45.4,45.3,45.7,409,2852
Sturgis Public Schools,17406,15441,99,114,17,24,1255,44187,1077,1044,1229,3576,777,387,36.6,35.0,38.3,1469,4608
Summerfield School District,4458,4263,29,10,22,0,16,65536,233,240,298,1080,404,154,41.1,41.2,41.1,184,1226
Suttons Bay Public Schools,5619,4695,22,545,19,3,128,67932,203,187,174,910,927,478,51.7,50.1,53.2,182,1606
Swan Valley School District,8758,8496,60,30,67,0,21,58385,410,276,505,2049,1191,289,48.7,45.0,53.0,274,2476
Montabella Community Schools,7635,7275,51,109,11,0,81,47177,363,384,362,1907,455,216,43.1,42.0,43.6,484,1996
Edwardsburg Public Schools,12668,12054,63,19,143,0,19,65362,653,566,808,2281,1320,547,43.9,42.7,44.8,469,3644
Elk Rapids Schools,9074,8566,27,159,0,0,175,70410,384,431,356,1321,1685,903,53.0,52.3,53.4,369,2770
Ellsworth Community Schools,1668,1591,16,17,11,0,0,54453,67,86,111,322,208,83,47.5,44.9,49.1,63,463
Escanaba Area Public Schools,19739,18573,103,336,115,4,13,41447,799,827,904,3936,2145,742,46.6,44.9,48.5,1005,5476
Essexville-Hampton Public Schools,9057,8580,156,12,51,0,48,54594,485,384,488,1583,1019,322,39.9,37.9,43.2,623,2393
Evart Public Schools,6934,6606,81,105,8,0,6,42122,303,340,461,1935,369,125,44.4,42.9,45.8,576,1769
Farmington Public School District,86506,55789,15393,253,11840,54,472,83166,3215,3858,4171,7815,18847,12153,43.3,40.6,45.4,1453,22515
Farwell Area Schools,11072,10684,69,50,19,0,10,39384,603,415,531,2865,623,244,47.2,46.6,48.2,838,3045
Fennville Public Schools,9625,8869,26,19,43,0,395,58518,512,737,583,1987,1066,331,40.4,42.6,37.3,287,2537
Fenton Area Public Schools,21345,20107,284,53,81,0,61,67493,1130,1208,1175,3585,3277,1529,43.2,41.4,45.2,792,5775
Ferndale Public Schools,24487,18836,3672,156,370,6,115,66892,511,749,614,2575,5265,2256,37.0,36.4,37.8,770,4994
Fitzgerald Public Schools,16777,8869,4388,46,2709,0,13,38050,863,804,1184,3310,1027,464,36.2,33.5,37.8,2368,3813
Flint City School District,97147,38537,52173,502,295,33,762,27710,5232,5391,6092,17785,5096,1805,34.9,33.4,36.1,17768,22553
Flushing Community Schools,25827,23321,1451,65,257,26,157,61855,1394,1265,1554,4470,3307,1578,45.7,43.0,47.5,904,7313
Forest Area Community Schools,5718,5138,323,126,19,0,14,48795,264,226,237,1291,267,155,44.3,43.5,45.4,245,1390
Forest Hills Public Schools,50639,45100,731,121,3420,22,36,104785,2809,3392,3646,3559,12545,6055,41.2,40.2,42.1,398,14046
Britton Deerfield School District,3826,3705,10,13,0,0,22,69861,140,139,175,990,356,112,46.5,43.8,48.2,102,1100
Lapeer Community Schools,41755,39401,949,106,420,18,138,56837,1913,1923,2423,9025,3759,1461,45.1,43.4,47.0,1861,11227
Lawrence Public School District,3960,3372,20,8,5,0,430,54680,204,178,259,750,384,181,41.7,38.7,45.3,223,1006
Lawton Community School District,5543,4952,76,16,14,0,150,53529,212,303,303,928,545,219,42.9,41.3,45.3,433,1584
Leland Public School District,3443,3347,19,6,36,0,0,63939,143,174,166,429,759,427,51.6,47.4,53.9,83,1032
Les Cheneaux Community Schools,2035,1697,0,227,12,0,5,49648,38,57,97,466,281,136,54.6,53.3,57.6,75,678
Saginaw Township Community Schools,39562,32125,4085,138,1634,12,656,51842,1647,1551,1582,6351,5606,2668,44.2,41.7,46.2,1197,10591
Royal Oak City School District,59817,53852,2257,43,2334,20,199,78204,2000,1638,1853,6551,15122,7259,36.1,34.9,37.8,620,13588
Rudyard Area Schools,9428,5591,1870,1156,65,0,21,43797,429,417,449,1462,522,165,37.1,38.5,33.3,653,1660
Saginaw City School District,57942,27794,24633,234,444,0,1628,30952,2826,3382,3537,10543,2685,1068,34.0,31.2,36.4,8804,13006
Bronson Community School District,7749,7138,45,21,41,17,322,52266,352,518,502,1901,326,133,37.8,36.5,40.0,390,2020
Columbia School District,11973,11490,198,32,94,0,0,61158,370,633,590,2685,1417,573,49.5,48.0,50.6,356,3395
Brown City Community School District,5636,5543,8,7,10,0,5,50797,342,357,366,1399,203,113,39.1,41.3,37.5,278,1457
Flat Rock Community Schools,10196,9174,686,21,9,0,173,58827,620,618,735,1775,923,395,36.9,33.4,40.3,717,2697
Buchanan Community School District,9959,8563,864,130,0,0,19,52330,484,644,858,2079,848,359,42.4,42.2,42.8,804,2689
Brandywine Community Schools,9343,8737,332,23,38,0,29,50655,358,543,373,1886,762,234,46.1,45.3,47.4,401,2595
Allegan Public Schools,17212,15908,699,66,167,0,67,54756,863,824,935,4253,1341,548,40.5,38.0,43.8,753,4594
Allen Park Public Schools,19546,18162,321,22,116,0,513,75469,833,944,834,3747,2128,1143,42.4,39.7,44.5,518,5309
Lincoln Consolidated School District,31281,21449,6281,91,549,29,235,72377,1493,1728,1936,3991,4172,2198,35.5,35.3,35.8,1552,7987
Lincoln Park Public Schools,36883,28876,3145,101,163,0,3004,43470,2307,2004,1941,7954,1529,525,36.7,36.0,37.1,3525,8753
Litchfield Community Schools,2954,2875,7,37,0,0,5,42439,125,178,174,837,107,72,42.9,42.0,43.2,208,797
Livonia Public Schools,112110,98150,7589,241,4140,55,315,70804,4594,4531,4871,17760,18886,7869,44.9,43.1,46.4,2173,29907
L'Anse Creuse Public Schools,71509,60091,7993,199,904,19,355,65563,3191,3118,4196,13558,7427,3028,39.9,37.6,42.2,3320,18667
Lowell Area Schools,22002,21122,221,49,111,0,110,79358,965,1215,1461,3539,3381,1116,41.9,41.5,42.3,359,6334
Coleman Community School District,5915,5757,3,50,24,0,30,43896,251,217,254,1716,369,160,41.0,37.1,43.5,539,1673
Coloma Community Schools,9652,9118,66,4,39,0,46,57177,422,546,692,1743,904,337,44.0,44.2,43.7,536,2666
Fairview Area School District,2712,2627,8,31,0,4,13,40873,158,154,75,642,172,69,54.1,53.8,54.3,140,773
Comstock Public Schools,16796,13236,2205,19,287,27,105,42622,636,706,664,2838,1497,769,35.5,34.8,35.8,1738,4021
Comstock Park Public Schools,14672,13267,766,65,211,0,174,53519,632,751,746,2334,1988,660,35.9,35.4,37.0,749,3861
Concord Community Schools,4906,4577,102,13,36,0,6,60604,178,276,286,954,458,218,43.5,42.6,43.8,157,1398
Constantine Public School District,7633,7230,17,10,64,0,23,55063,401,337,388,1955,478,152,44.7,44.6,44.9,350,2196
Grosse Ile Township Schools,10179,9756,137,11,204,0,0,101196,417,381,645,1208,2009,1155,52.6,52.6,52.7,136,3225
Gull Lake Community Schools,20056,18366,640,20,543,10,24,72691,771,1166,1486,2838,3819,1685,42.8,44.5,41.7,602,5523
Hale Area Schools,4842,4706,1,27,8,10,0,36369,91,144,261,1303,322,132,58.1,58.8,57.2,324,1463
Hamilton Community Schools,15210,14745,20,48,116,0,34,67826,875,968,960,3742,1560,594,39.0,37.7,40.5,226,4204
Hamtramck Public Schools,21941,11415,2967,56,5707,92,396,25478,1499,1463,1590,3977,1023,363,28.4,27.9,28.9,4740,4233
Hancock Public Schools,6939,6559,18,22,96,0,18,43872,397,301,368,1242,850,419,39.1,36.1,41.0,368,1423
Hanover-Horton Schools,6783,6553,18,138,17,0,42,64214,347,321,479,1200,883,311,47.6,43.6,51.1,141,1987
Harbor Springs School District,6612,6225,20,156,48,1,24,64920,278,238,377,906,1366,653,54.4,54.9,53.8,163,2023
New Lothrop Area Public School,3699,3522,73,8,2,0,27,68125,198,172,213,909,292,108,45.1,46.7,44.1,111,1060
Negaunee Public Schools,8640,8300,37,66,18,0,4,55357,540,445,355,1638,1294,309,38.6,37.3,39.5,271,2287
New Buffalo Area School District,4163,3912,54,0,95,0,88,60577,205,139,212,608,847,399,55.8,53.2,56.8,150,1176
New Haven Community Schools,17892,15086,1589,88,578,0,143,70667,1349,1036,1040,2662,1646,827,39.6,39.0,40.0,629,4379
Newaygo Public School District,10323,9628,131,38,14,0,379,44290,448,613,477,2562,736,358,42.9,42.4,43.6,898,2726
Tahquamenon Area Schools,7389,6025,496,390,17,2,29,42247,264,305,381,1558,645,214,46.8,44.9,51.5,337,1740
N.I.C.E. Community Schools,7258,6986,10,38,41,0,5,62795,289,432,394,1952,984,169,46.9,47.1,46.5,259,2121
Niles Community School District,23333,19673,2113,81,217,0,221,42564,1368,1497,1132,4464,1889,876,39.0,38.2,40.0,2070,6140
Marquette Area Public Schools,31902,29047,986,288,490,26,51,48490,1061,968,1112,3996,4954,1738,33.1,33.1,33.3,724,6174
Battle Creek Public Schools,41568,27885,9332,377,966,0,297,33744,2332,2444,2183,9215,2484,798,34.8,33.2,36.8,4693,9397
Bessemer Area School District,2993,2896,34,28,10,0,1,41488,122,130,174,688,342,90,48.1,45.4,49.6,159,790
Harbor Beach Community Schools,4436,4268,25,21,29,0,11,44054,206,193,289,1257,321,143,49.0,47.4,50.3,190,1242
St. Ignace Area Schools,3712,2318,82,1026,38,12,7,43320,152,143,164,957,289,145,50.0,47.7,52.2,281,1031
Ewen-Trout Creek Consolidated Schools,2240,2150,2,34,12,4,4,38628,42,72,93,847,198,67,58.7,58.9,58.5,32,679
Wayne-Westland Community School District,86715,60291,19529,487,2897,7,1434,46732,4113,3941,4364,17686,7464,2826,38.9,37.5,40.3,6744,20698
Crestwood School District,27428,24025,2016,29,566,0,263,51231,1689,1387,1626,5648,2799,1314,38.4,37.7,39.5,2405,6640
Bad Axe Public Schools,6249,6003,27,12,90,0,9,44864,311,266,300,1570,503,146,44.2,41.3,46.6,366,1589
North Dickinson County Schools,2313,2210,3,46,6,0,0,50446,102,95,127,629,155,49,47.3,49.8,46.1,82,690
Saline Area Schools,28397,25651,426,26,1067,0,272,110321,1742,1942,2200,2356,5716,3986,42.9,40.9,43.7,684,7490
Sand Creek Community Schools,3463,3295,98,15,0,0,21,52917,176,231,258,800,202,76,42.6,45.8,41.4,123,947
Sandusky Community School District,6569,6275,75,32,48,3,18,40686,340,303,255,1955,328,208,45.4,42.1,47.9,356,1700
Saranac Community Schools,7378,7153,11,14,22,0,74,64067,311,477,373,1763,803,243,42.5,41.6,43.3,188,2035
Saugatuck Public Schools,4798,4481,25,114,73,0,36,82787,158,197,177,840,1014,604,53.9,53.6,54.4,72,1495
Sault Ste. Marie Area Schools,20330,15116,604,2873,246,49,1,42312,753,982,813,3246,2489,660,37.4,36.2,39.7,1370,4603
Schoolcraft Community Schools,5173,5003,21,11,14,0,21,78571,270,266,352,823,896,302,39.7,37.2,41.9,168,1426
Shelby Public Schools,7975,7582,47,72,25,0,169,44290,444,437,527,1500,747,293,42.0,41.0,43.5,755,2255
Shepherd Public School District,8938,8242,33,236,6,0,87,51850,492,517,461,2334,832,292,38.9,37.4,40.2,635,2391
South Lake Schools,19753,15612,3548,25,217,0,96,56250,765,724,729,3263,2959,1224,45.0,42.6,48.3,828,4893
South Lyon Community Schools,47976,44121,1243,46,1324,0,132,87636,2593,2824,2929,6000,8425,4362,38.4,37.4,39.9,891,12938
South Redford School District,22788,10850,10944,90,131,0,376,57310,862,1023,1798,4117,2332,921,41.1,39.4,41.9,1798,5687
South Haven Public Schools,13266,11331,839,37,99,0,442,48420,619,563,601,2245,1456,808,46.8,44.6,49.4,870,3458
Southfield Public School District,71220,16203,50070,121,1694,0,555,55933,2640,3127,3480,8435,11052,7067,42.8,39.6,45.2,2832,16761
Southgate Community School District,30647,26611,1682,199,1110,0,389,55114,978,1089,1085,7033,3048,1114,44.3,42.5,46.1,1642,7663
Sparta Area Schools,15180,14635,99,64,152,0,103,62308,707,754,1004,3268,1526,508,41.3,39.4,42.7,533,4152
Spring Lake Public Schools,12843,12296,32,54,198,0,61,74428,796,895,716,1487,2454,1070,42.7,41.6,44.2,128,3761
Springport Public Schools,5706,5561,15,22,0,0,3,62422,263,303,393,1365,350,169,44.4,43.7,45.0,249,1576
St. Charles Community Schools,6315,6089,26,10,30,0,39,53247,277,301,316,1710,428,163,45.7,43.7,47.7,426,1783
